id,city,role,synthetic_description
100000,Sialkot,Volunteer Guide,I visited this historic park and was amazed by the modern college.
100001,Rawalpindi,Volunteer Guide,A hidden gem! This local mosque features local college.
100002,Lahore,Volunteer Guide,I visited this famous shrine and was amazed by the beautiful experience.
100003,Peshawar,Volunteer Guide,A hidden gem! This clean hotel features busy park.
100004,Sialkot,Volunteer Guide,A hidden gem! This local park features local service.
100005,Rawalpindi,Volunteer Guide,A hidden gem! This famous shop features busy hotel.
100006,Lahore,Volunteer Guide,A hidden gem! This modern shop features local spot.
100007,Quetta,Volunteer Guide,A hidden gem! This famous park features famous bank.
100008,Skardu,Volunteer Guide,I visited this beautiful hotel and was amazed by the modern shop.
100009,Lahore,Volunteer Guide,Locals say this modern shrine is the best spot for clean experience.
100010,Lahore,Volunteer Guide,I visited this local shrine and was amazed by the clean spot.
100011,Islamabad,Volunteer Guide,Locals say this historic hotel is the best spot for famous view.
100012,Chitral,Volunteer Guide,I visited this busy shop and was amazed by the historic place.
100013,Peshawar,Volunteer Guide,Locals say this historic shop is the best spot for historic bank.
100014,Rawalpindi,Volunteer Guide,Locals say this beautiful hotel is the best spot for modern place.
100015,Karachi,Volunteer Guide,Locals say this busy mosque is the best spot for modern shop.
100016,Attock,Volunteer Guide,A hidden gem! This famous shrine features beautiful mosque.
100017,Muzaffarabad,Volunteer Guide,A hidden gem! This famous shrine features historic park.
100018,Attock,Volunteer Guide,A hidden gem! This beautiful college features famous bank.
100019,Rawalpindi,Volunteer Guide,A hidden gem! This famous bank features clean spot.
100020,Sialkot,Volunteer Guide,Locals say this modern bank is the best spot for busy experience.
100021,Chitral,Volunteer Guide,Locals say this historic shop is the best spot for historic park.
100022,Muzaffarabad,Volunteer Guide,A hidden gem! This busy park features clean spot.
100023,Chitral,Volunteer Guide,A hidden gem! This local mosque features famous park.
100024,Attock,Volunteer Guide,A hidden gem! This historic park features beautiful service.
100025,Peshawar,Volunteer Guide,I visited this modern mosque and was amazed by the clean spot.
100026,Kohat,Volunteer Guide,Locals say this clean mosque is the best spot for modern shop.
100027,Islamabad,Volunteer Guide,I visited this historic shrine and was amazed by the famous mosque.
100028,Skardu,Volunteer Guide,I visited this clean college and was amazed by the local service.
100029,Islamabad,Volunteer Guide,I visited this historic hotel and was amazed by the famous service.
100030,Quetta,Volunteer Guide,A hidden gem! This modern shop features clean service.
100031,Skardu,Volunteer Guide,Locals say this busy bank is the best spot for famous experience.
100032,Karachi,Volunteer Guide,A hidden gem! This local bank features busy park.
100033,Chitral,Volunteer Guide,A hidden gem! This modern shrine features modern place.
100034,Rawalpindi,Volunteer Guide,Locals say this famous mosque is the best spot for famous mosque.
100035,Skardu,Volunteer Guide,I visited this modern mosque and was amazed by the beautiful bank.
100036,Muzaffarabad,Volunteer Guide,I visited this famous mosque and was amazed by the historic shrine.
100037,Chitral,Volunteer Guide,Locals say this beautiful shrine is the best spot for clean shrine.
100038,Kohat,Volunteer Guide,A hidden gem! This local college features famous hotel.
100039,Rawalpindi,Volunteer Guide,Locals say this clean college is the best spot for busy college.
100040,Chitral,Volunteer Guide,Locals say this modern shrine is the best spot for beautiful view.
100041,Skardu,Volunteer Guide,Locals say this historic hotel is the best spot for famous mosque.
100042,Attock,Volunteer Guide,I visited this modern college and was amazed by the local place.
100043,Lahore,Volunteer Guide,A hidden gem! This historic park features modern view.
100044,Rawalpindi,Volunteer Guide,Locals say this modern bank is the best spot for historic spot.
100045,Sialkot,Volunteer Guide,Locals say this clean shrine is the best spot for historic spot.
100046,Rawalpindi,Volunteer Guide,I visited this beautiful mosque and was amazed by the beautiful hotel.
100047,Peshawar,Volunteer Guide,Locals say this busy mosque is the best spot for local bank.
100048,Chitral,Volunteer Guide,A hidden gem! This busy bank features modern shrine.
100049,Islamabad,Volunteer Guide,I visited this local college and was amazed by the local shop.
100050,Rawalpindi,Volunteer Guide,A hidden gem! This modern shop features historic view.
100051,Muzaffarabad,Volunteer Guide,I visited this local college and was amazed by the famous view.
100052,Islamabad,Volunteer Guide,Locals say this local shrine is the best spot for historic shrine.
100053,Skardu,Volunteer Guide,A hidden gem! This clean park features clean park.
100054,Quetta,Volunteer Guide,Locals say this clean hotel is the best spot for busy experience.
100055,Muzaffarabad,Volunteer Guide,Locals say this historic park is the best spot for clean service.
100056,Peshawar,Volunteer Guide,Locals say this historic hotel is the best spot for famous hotel.
100057,Karachi,Volunteer Guide,A hidden gem! This clean shop features busy bank.
100058,Islamabad,Volunteer Guide,Locals say this local park is the best spot for busy place.
100059,Muzaffarabad,Volunteer Guide,A hidden gem! This famous park features local hotel.
100060,Quetta,Volunteer Guide,I visited this historic shrine and was amazed by the local view.
100061,Sialkot,Volunteer Guide,A hidden gem! This beautiful hotel features famous shrine.
100062,Muzaffarabad,Volunteer Guide,A hidden gem! This local bank features famous view.
100063,Attock,Volunteer Guide,I visited this beautiful shrine and was amazed by the modern service.
100064,Karachi,Volunteer Guide,Locals say this famous hotel is the best spot for local spot.
100065,Attock,Volunteer Guide,Locals say this famous college is the best spot for beautiful spot.
100066,Skardu,Volunteer Guide,I visited this modern shrine and was amazed by the busy shrine.
100067,Karachi,Volunteer Guide,Locals say this historic hotel is the best spot for famous service.
100068,Quetta,Volunteer Guide,I visited this clean bank and was amazed by the busy college.
100069,Sialkot,Volunteer Guide,Locals say this historic college is the best spot for busy college.
100070,Muzaffarabad,Volunteer Guide,Locals say this busy shrine is the best spot for famous spot.
100071,Kohat,Volunteer Guide,Locals say this famous shop is the best spot for busy college.
100072,Peshawar,Volunteer Guide,Locals say this busy park is the best spot for busy shrine.
100073,Islamabad,Volunteer Guide,A hidden gem! This beautiful college features modern experience.
100074,Lahore,Volunteer Guide,A hidden gem! This modern shrine features clean bank.
100075,Lahore,Volunteer Guide,A hidden gem! This historic shop features historic spot.
100076,Quetta,Volunteer Guide,A hidden gem! This local mosque features local shop.
100077,Peshawar,Volunteer Guide,A hidden gem! This local shop features modern bank.
100078,Rawalpindi,Volunteer Guide,I visited this local mosque and was amazed by the busy mosque.
100079,Karachi,Volunteer Guide,I visited this local shrine and was amazed by the famous shrine.
100080,Sialkot,Volunteer Guide,A hidden gem! This historic mosque features clean view.
100081,Skardu,Volunteer Guide,Locals say this modern college is the best spot for beautiful place.
100082,Muzaffarabad,Volunteer Guide,Locals say this beautiful park is the best spot for clean experience.
100083,Sialkot,Volunteer Guide,Locals say this historic bank is the best spot for historic spot.
100084,Quetta,Volunteer Guide,Locals say this local park is the best spot for clean bank.
100085,Skardu,Volunteer Guide,Locals say this famous bank is the best spot for historic place.
100086,Muzaffarabad,Volunteer Guide,I visited this clean mosque and was amazed by the local view.
100087,Attock,Volunteer Guide,I visited this local bank and was amazed by the historic hotel.
100088,Peshawar,Volunteer Guide,Locals say this modern shop is the best spot for modern park.
100089,Chitral,Volunteer Guide,Locals say this modern park is the best spot for modern shrine.
100090,Rawalpindi,Volunteer Guide,I visited this busy shop and was amazed by the local service.
100091,Muzaffarabad,Volunteer Guide,A hidden gem! This clean shrine features modern park.
100092,Attock,Volunteer Guide,I visited this beautiful shop and was amazed by the famous college.
100093,Quetta,Volunteer Guide,I visited this local mosque and was amazed by the clean mosque.
100094,Islamabad,Volunteer Guide,I visited this famous mosque and was amazed by the famous service.
100095,Islamabad,Volunteer Guide,Locals say this local park is the best spot for modern place.
100096,Muzaffarabad,Volunteer Guide,Locals say this local park is the best spot for modern place.
100097,Sialkot,Volunteer Guide,I visited this local college and was amazed by the modern park.
100098,Attock,Volunteer Guide,A hidden gem! This historic shrine features clean shrine.
100099,Peshawar,Volunteer Guide,Locals say this famous shop is the best spot for beautiful spot.
100100,Karachi,Volunteer Guide,A hidden gem! This historic shop features busy mosque.
100101,Muzaffarabad,Volunteer Guide,I visited this historic park and was amazed by the historic mosque.
100102,Islamabad,Volunteer Guide,I visited this busy park and was amazed by the modern shop.
100103,Attock,Volunteer Guide,Locals say this busy shrine is the best spot for famous hotel.
100104,Muzaffarabad,Volunteer Guide,Locals say this beautiful shrine is the best spot for local shop.
100105,Rawalpindi,Volunteer Guide,Locals say this local shrine is the best spot for local view.
100106,Muzaffarabad,Volunteer Guide,I visited this beautiful shrine and was amazed by the busy experience.
100107,Sialkot,Volunteer Guide,A hidden gem! This beautiful shrine features clean experience.
100108,Rawalpindi,Volunteer Guide,I visited this beautiful hotel and was amazed by the clean experience.
100109,Skardu,Volunteer Guide,Locals say this clean shrine is the best spot for busy bank.
100110,Quetta,Volunteer Guide,A hidden gem! This modern mosque features beautiful view.
100111,Rawalpindi,Volunteer Guide,I visited this clean shrine and was amazed by the famous spot.
100112,Kohat,Volunteer Guide,A hidden gem! This historic park features historic experience.
100113,Kohat,Volunteer Guide,Locals say this clean college is the best spot for beautiful service.
100114,Skardu,Volunteer Guide,A hidden gem! This historic shrine features beautiful view.
100115,Chitral,Volunteer Guide,Locals say this beautiful college is the best spot for busy service.
100116,Quetta,Volunteer Guide,I visited this local hotel and was amazed by the beautiful shrine.
100117,Kohat,Volunteer Guide,Locals say this beautiful hotel is the best spot for busy view.
100118,Lahore,Volunteer Guide,I visited this famous park and was amazed by the clean view.
100119,Sialkot,Volunteer Guide,A hidden gem! This modern shop features clean mosque.
100120,Karachi,Volunteer Guide,Locals say this famous hotel is the best spot for historic college.
100121,Islamabad,Volunteer Guide,I visited this modern shrine and was amazed by the famous hotel.
100122,Kohat,Volunteer Guide,Locals say this famous mosque is the best spot for local shop.
100123,Islamabad,Volunteer Guide,I visited this beautiful park and was amazed by the local bank.
100124,Skardu,Volunteer Guide,Locals say this historic mosque is the best spot for beautiful view.
100125,Skardu,Volunteer Guide,A hidden gem! This famous college features local shrine.
100126,Rawalpindi,Volunteer Guide,A hidden gem! This local bank features busy bank.
100127,Skardu,Volunteer Guide,I visited this busy park and was amazed by the historic mosque.
100128,Attock,Volunteer Guide,I visited this modern hotel and was amazed by the clean view.
100129,Skardu,Volunteer Guide,A hidden gem! This beautiful bank features busy place.
100130,Karachi,Volunteer Guide,Locals say this clean mosque is the best spot for clean bank.
100131,Muzaffarabad,Volunteer Guide,I visited this local shrine and was amazed by the busy experience.
100132,Muzaffarabad,Volunteer Guide,A hidden gem! This local mosque features historic shop.
100133,Sialkot,Volunteer Guide,A hidden gem! This historic hotel features clean mosque.
100134,Kohat,Volunteer Guide,Locals say this local college is the best spot for clean shop.
100135,Attock,Volunteer Guide,A hidden gem! This clean shop features modern view.
100136,Sialkot,Volunteer Guide,I visited this famous park and was amazed by the beautiful place.
100137,Peshawar,Volunteer Guide,A hidden gem! This busy shrine features beautiful service.
100138,Attock,Volunteer Guide,I visited this beautiful shop and was amazed by the modern experience.
100139,Lahore,Volunteer Guide,A hidden gem! This clean bank features historic view.
100140,Kohat,Volunteer Guide,I visited this busy shop and was amazed by the modern mosque.
100141,Sialkot,Volunteer Guide,I visited this modern hotel and was amazed by the busy place.
100142,Attock,Volunteer Guide,A hidden gem! This busy shop features modern bank.
100143,Attock,Volunteer Guide,A hidden gem! This historic bank features famous experience.
100144,Attock,Volunteer Guide,A hidden gem! This famous shop features local service.
100145,Sialkot,Volunteer Guide,A hidden gem! This modern mosque features beautiful service.
100146,Skardu,Volunteer Guide,A hidden gem! This beautiful hotel features famous college.
100147,Islamabad,Volunteer Guide,A hidden gem! This famous shop features local shrine.
100148,Skardu,Volunteer Guide,I visited this beautiful mosque and was amazed by the famous bank.
100149,Chitral,Volunteer Guide,I visited this beautiful mosque and was amazed by the local view.
100150,Sialkot,Volunteer Guide,Locals say this busy shop is the best spot for beautiful hotel.
100151,Kohat,Volunteer Guide,I visited this busy bank and was amazed by the beautiful shop.
100152,Islamabad,Volunteer Guide,Locals say this local park is the best spot for beautiful spot.
100153,Sialkot,Volunteer Guide,Locals say this busy park is the best spot for beautiful spot.
100154,Rawalpindi,Volunteer Guide,I visited this famous bank and was amazed by the local experience.
100155,Chitral,Volunteer Guide,I visited this local bank and was amazed by the historic bank.
100156,Lahore,Volunteer Guide,A hidden gem! This historic shop features busy experience.
100157,Islamabad,Volunteer Guide,Locals say this famous bank is the best spot for busy shop.
100158,Lahore,Volunteer Guide,Locals say this historic shop is the best spot for local college.
100159,Peshawar,Volunteer Guide,I visited this clean bank and was amazed by the famous place.
100160,Peshawar,Volunteer Guide,I visited this beautiful hotel and was amazed by the local hotel.
100161,Skardu,Volunteer Guide,A hidden gem! This busy shrine features busy experience.
100162,Quetta,Volunteer Guide,I visited this modern shrine and was amazed by the clean spot.
100163,Kohat,Volunteer Guide,Locals say this famous mosque is the best spot for clean bank.
100164,Quetta,Volunteer Guide,I visited this local shrine and was amazed by the clean hotel.
100165,Skardu,Volunteer Guide,Locals say this modern bank is the best spot for modern college.
100166,Chitral,Volunteer Guide,I visited this modern shrine and was amazed by the modern park.
100167,Kohat,Volunteer Guide,A hidden gem! This beautiful hotel features famous spot.
100168,Rawalpindi,Volunteer Guide,A hidden gem! This famous shop features busy bank.
100169,Kohat,Volunteer Guide,Locals say this busy shop is the best spot for famous view.
100170,Kohat,Volunteer Guide,I visited this clean college and was amazed by the modern college.
100171,Sialkot,Volunteer Guide,A hidden gem! This modern shrine features beautiful view.
100172,Chitral,Volunteer Guide,I visited this clean college and was amazed by the busy shrine.
100173,Peshawar,Volunteer Guide,I visited this famous park and was amazed by the local shrine.
100174,Kohat,Volunteer Guide,Locals say this busy mosque is the best spot for busy bank.
100175,Attock,Volunteer Guide,Locals say this local hotel is the best spot for historic bank.
100176,Quetta,Volunteer Guide,I visited this busy hotel and was amazed by the beautiful hotel.
100177,Chitral,Volunteer Guide,I visited this historic college and was amazed by the clean park.
100178,Attock,Volunteer Guide,I visited this famous college and was amazed by the local bank.
100179,Rawalpindi,Volunteer Guide,A hidden gem! This clean shop features local view.
100180,Peshawar,Volunteer Guide,A hidden gem! This local shop features busy view.
100181,Chitral,Volunteer Guide,A hidden gem! This clean bank features clean shrine.
100182,Lahore,Volunteer Guide,I visited this local mosque and was amazed by the busy park.
100183,Skardu,Volunteer Guide,I visited this famous shrine and was amazed by the beautiful shop.
100184,Attock,Volunteer Guide,Locals say this local shrine is the best spot for historic hotel.
100185,Muzaffarabad,Volunteer Guide,Locals say this modern college is the best spot for busy place.
100186,Kohat,Volunteer Guide,A hidden gem! This busy mosque features local hotel.
100187,Kohat,Volunteer Guide,Locals say this clean shop is the best spot for local spot.
100188,Lahore,Volunteer Guide,Locals say this clean hotel is the best spot for clean place.
100189,Rawalpindi,Volunteer Guide,A hidden gem! This famous shop features beautiful shrine.
100190,Karachi,Volunteer Guide,Locals say this busy bank is the best spot for historic spot.
100191,Peshawar,Volunteer Guide,I visited this local hotel and was amazed by the beautiful hotel.
100192,Chitral,Volunteer Guide,A hidden gem! This historic hotel features famous spot.
100193,Muzaffarabad,Volunteer Guide,Locals say this famous college is the best spot for historic experience.
100194,Kohat,Volunteer Guide,I visited this beautiful hotel and was amazed by the famous service.
100195,Attock,Volunteer Guide,A hidden gem! This modern mosque features clean bank.
100196,Muzaffarabad,Volunteer Guide,A hidden gem! This busy hotel features clean spot.
100197,Peshawar,Volunteer Guide,A hidden gem! This local bank features local college.
100198,Kohat,Volunteer Guide,I visited this beautiful bank and was amazed by the local place.
100199,Attock,Volunteer Guide,A hidden gem! This busy hotel features clean mosque.
100200,Peshawar,Volunteer Guide,I visited this busy mosque and was amazed by the modern spot.
100201,Karachi,Volunteer Guide,A hidden gem! This busy mosque features historic spot.
100202,Karachi,Volunteer Guide,Locals say this local bank is the best spot for clean college.
100203,Attock,Volunteer Guide,Locals say this local park is the best spot for busy shop.
100204,Attock,Volunteer Guide,A hidden gem! This famous park features local bank.
100205,Muzaffarabad,Volunteer Guide,I visited this busy mosque and was amazed by the local spot.
100206,Islamabad,Volunteer Guide,I visited this local shop and was amazed by the local bank.
100207,Quetta,Volunteer Guide,A hidden gem! This clean hotel features historic place.
100208,Skardu,Volunteer Guide,I visited this local college and was amazed by the famous college.
100209,Chitral,Volunteer Guide,A hidden gem! This busy hotel features historic experience.
100210,Quetta,Volunteer Guide,I visited this local hotel and was amazed by the clean experience.
100211,Kohat,Volunteer Guide,Locals say this local college is the best spot for local view.
100212,Chitral,Volunteer Guide,A hidden gem! This modern shop features beautiful shop.
100213,Muzaffarabad,Volunteer Guide,A hidden gem! This modern bank features local hotel.
100214,Rawalpindi,Volunteer Guide,I visited this modern bank and was amazed by the local bank.
100215,Attock,Volunteer Guide,I visited this local mosque and was amazed by the famous shop.
100216,Muzaffarabad,Volunteer Guide,I visited this local shop and was amazed by the modern spot.
100217,Attock,Volunteer Guide,Locals say this busy mosque is the best spot for busy bank.
100218,Rawalpindi,Volunteer Guide,Locals say this famous bank is the best spot for clean hotel.
100219,Karachi,Volunteer Guide,I visited this beautiful college and was amazed by the busy bank.
100220,Rawalpindi,Volunteer Guide,Locals say this historic college is the best spot for historic shrine.
100221,Kohat,Volunteer Guide,Locals say this busy mosque is the best spot for historic park.
100222,Attock,Volunteer Guide,A hidden gem! This modern shop features busy view.
100223,Attock,Volunteer Guide,I visited this historic shop and was amazed by the beautiful shop.
100224,Chitral,Volunteer Guide,I visited this historic shrine and was amazed by the modern park.
100225,Skardu,Volunteer Guide,A hidden gem! This clean bank features famous spot.
100226,Kohat,Volunteer Guide,A hidden gem! This beautiful shrine features historic shrine.
100227,Sialkot,Volunteer Guide,A hidden gem! This busy bank features beautiful college.
100228,Skardu,Volunteer Guide,I visited this historic shop and was amazed by the busy bank.
100229,Islamabad,Volunteer Guide,Locals say this local hotel is the best spot for local service.
100230,Sialkot,Volunteer Guide,A hidden gem! This busy park features modern service.
100231,Peshawar,Volunteer Guide,Locals say this modern shop is the best spot for clean view.
100232,Chitral,Volunteer Guide,Locals say this famous shrine is the best spot for modern service.
100233,Kohat,Volunteer Guide,Locals say this historic college is the best spot for famous spot.
100234,Muzaffarabad,Volunteer Guide,I visited this famous bank and was amazed by the modern place.
100235,Islamabad,Volunteer Guide,A hidden gem! This clean shop features historic mosque.
100236,Kohat,Volunteer Guide,Locals say this busy park is the best spot for clean bank.
100237,Muzaffarabad,Volunteer Guide,I visited this beautiful shrine and was amazed by the historic place.
100238,Kohat,Volunteer Guide,I visited this clean park and was amazed by the modern mosque.
100239,Kohat,Volunteer Guide,A hidden gem! This clean college features historic shop.
100240,Peshawar,Volunteer Guide,Locals say this historic mosque is the best spot for famous spot.
100241,Muzaffarabad,Volunteer Guide,Locals say this famous bank is the best spot for historic college.
100242,Kohat,Volunteer Guide,I visited this modern college and was amazed by the historic spot.
100243,Karachi,Volunteer Guide,A hidden gem! This beautiful shop features beautiful hotel.
100244,Muzaffarabad,Volunteer Guide,A hidden gem! This local park features historic service.
100245,Muzaffarabad,Volunteer Guide,Locals say this clean bank is the best spot for clean mosque.
100246,Chitral,Volunteer Guide,A hidden gem! This clean bank features modern view.
100247,Chitral,Volunteer Guide,A hidden gem! This clean bank features modern shop.
100248,Quetta,Volunteer Guide,Locals say this famous shop is the best spot for famous bank.
100249,Lahore,Volunteer Guide,A hidden gem! This busy mosque features famous view.
100250,Muzaffarabad,Volunteer Guide,I visited this busy shrine and was amazed by the famous experience.
100251,Muzaffarabad,Volunteer Guide,I visited this famous park and was amazed by the historic spot.
100252,Islamabad,Volunteer Guide,A hidden gem! This modern bank features modern college.
100253,Kohat,Volunteer Guide,I visited this clean mosque and was amazed by the modern mosque.
100254,Chitral,Volunteer Guide,I visited this historic park and was amazed by the beautiful view.
100255,Muzaffarabad,Volunteer Guide,Locals say this modern mosque is the best spot for beautiful mosque.
100256,Skardu,Volunteer Guide,Locals say this famous college is the best spot for beautiful college.
100257,Rawalpindi,Volunteer Guide,Locals say this historic shrine is the best spot for beautiful view.
100258,Peshawar,Volunteer Guide,I visited this famous college and was amazed by the clean experience.
100259,Chitral,Volunteer Guide,Locals say this clean park is the best spot for clean college.
100260,Chitral,Volunteer Guide,Locals say this clean shop is the best spot for clean spot.
100261,Attock,Volunteer Guide,Locals say this famous college is the best spot for historic park.
100262,Peshawar,Volunteer Guide,I visited this modern shrine and was amazed by the local service.
100263,Chitral,Volunteer Guide,I visited this beautiful park and was amazed by the beautiful service.
100264,Lahore,Volunteer Guide,A hidden gem! This famous park features local service.
100265,Skardu,Volunteer Guide,I visited this beautiful hotel and was amazed by the clean service.
100266,Kohat,Volunteer Guide,I visited this famous park and was amazed by the famous shop.
100267,Attock,Volunteer Guide,A hidden gem! This beautiful mosque features clean experience.
100268,Karachi,Volunteer Guide,I visited this historic college and was amazed by the modern experience.
100269,Karachi,Volunteer Guide,I visited this busy shop and was amazed by the famous view.
100270,Kohat,Volunteer Guide,A hidden gem! This local hotel features beautiful hotel.
100271,Karachi,Volunteer Guide,I visited this local shrine and was amazed by the beautiful experience.
100272,Rawalpindi,Volunteer Guide,A hidden gem! This busy college features clean hotel.
100273,Quetta,Volunteer Guide,A hidden gem! This modern college features busy shrine.
100274,Islamabad,Volunteer Guide,Locals say this local college is the best spot for clean experience.
100275,Quetta,Volunteer Guide,I visited this historic park and was amazed by the historic place.
100276,Attock,Volunteer Guide,I visited this famous mosque and was amazed by the local park.
100277,Rawalpindi,Volunteer Guide,A hidden gem! This beautiful hotel features modern shrine.
100278,Kohat,Volunteer Guide,A hidden gem! This modern bank features local shrine.
100279,Lahore,Volunteer Guide,I visited this modern bank and was amazed by the beautiful college.
100280,Kohat,Volunteer Guide,A hidden gem! This modern park features local college.
100281,Peshawar,Volunteer Guide,I visited this local shop and was amazed by the famous shop.
100282,Lahore,Volunteer Guide,A hidden gem! This modern shop features busy spot.
100283,Rawalpindi,Volunteer Guide,I visited this modern hotel and was amazed by the local view.
100284,Lahore,Volunteer Guide,Locals say this clean mosque is the best spot for local bank.
100285,Skardu,Volunteer Guide,Locals say this clean college is the best spot for famous place.
100286,Rawalpindi,Volunteer Guide,Locals say this historic college is the best spot for local experience.
100287,Rawalpindi,Volunteer Guide,A hidden gem! This famous college features famous college.
100288,Rawalpindi,Volunteer Guide,Locals say this historic bank is the best spot for local hotel.
100289,Muzaffarabad,Volunteer Guide,I visited this modern bank and was amazed by the historic park.
100290,Sialkot,Volunteer Guide,Locals say this clean college is the best spot for historic park.
100291,Sialkot,Volunteer Guide,A hidden gem! This clean shop features clean shop.
100292,Lahore,Volunteer Guide,Locals say this local shop is the best spot for local college.
100293,Skardu,Volunteer Guide,A hidden gem! This clean shrine features clean experience.
100294,Peshawar,Volunteer Guide,Locals say this famous mosque is the best spot for historic experience.
100295,Karachi,Volunteer Guide,Locals say this beautiful hotel is the best spot for local place.
100296,Skardu,Volunteer Guide,I visited this historic shop and was amazed by the modern place.
100297,Sialkot,Volunteer Guide,I visited this local shrine and was amazed by the historic place.
100298,Skardu,Volunteer Guide,A hidden gem! This modern mosque features beautiful service.
100299,Karachi,Volunteer Guide,A hidden gem! This local college features modern bank.
100300,Chitral,Volunteer Guide,Locals say this busy college is the best spot for historic shrine.
100301,Skardu,Volunteer Guide,A hidden gem! This famous shrine features clean spot.
100302,Islamabad,Volunteer Guide,Locals say this beautiful mosque is the best spot for modern place.
100303,Sialkot,Volunteer Guide,A hidden gem! This modern college features historic experience.
100304,Peshawar,Volunteer Guide,I visited this busy bank and was amazed by the historic shrine.
100305,Muzaffarabad,Volunteer Guide,Locals say this beautiful shrine is the best spot for modern shrine.
100306,Karachi,Volunteer Guide,Locals say this local bank is the best spot for clean bank.
100307,Islamabad,Volunteer Guide,Locals say this busy park is the best spot for clean shop.
100308,Quetta,Volunteer Guide,I visited this beautiful bank and was amazed by the famous bank.
100309,Peshawar,Volunteer Guide,A hidden gem! This beautiful park features historic shop.
100310,Sialkot,Volunteer Guide,A hidden gem! This beautiful shop features local shop.
100311,Muzaffarabad,Volunteer Guide,A hidden gem! This beautiful hotel features historic experience.
100312,Karachi,Volunteer Guide,I visited this clean hotel and was amazed by the modern bank.
100313,Attock,Volunteer Guide,I visited this modern mosque and was amazed by the clean college.
100314,Skardu,Volunteer Guide,A hidden gem! This local park features local bank.
100315,Skardu,Volunteer Guide,Locals say this modern bank is the best spot for busy view.
100316,Muzaffarabad,Volunteer Guide,Locals say this busy shop is the best spot for local service.
100317,Sialkot,Volunteer Guide,I visited this clean college and was amazed by the historic spot.
100318,Chitral,Volunteer Guide,A hidden gem! This famous shop features historic park.
100319,Muzaffarabad,Volunteer Guide,A hidden gem! This historic hotel features clean shop.
100320,Muzaffarabad,Volunteer Guide,Locals say this beautiful bank is the best spot for modern shop.
100321,Peshawar,Volunteer Guide,A hidden gem! This local hotel features clean mosque.
100322,Karachi,Volunteer Guide,I visited this local college and was amazed by the historic experience.
100323,Chitral,Volunteer Guide,Locals say this local park is the best spot for local mosque.
100324,Sialkot,Volunteer Guide,Locals say this historic shop is the best spot for clean mosque.
100325,Lahore,Volunteer Guide,Locals say this famous park is the best spot for busy place.
100326,Muzaffarabad,Volunteer Guide,A hidden gem! This modern bank features busy place.
100327,Muzaffarabad,Volunteer Guide,Locals say this modern college is the best spot for famous college.
100328,Chitral,Volunteer Guide,Locals say this clean shrine is the best spot for historic hotel.
100329,Chitral,Volunteer Guide,Locals say this local mosque is the best spot for clean bank.
100330,Quetta,Volunteer Guide,A hidden gem! This historic shop features local college.
100331,Quetta,Volunteer Guide,A hidden gem! This local hotel features local shrine.
100332,Rawalpindi,Volunteer Guide,Locals say this busy shrine is the best spot for modern experience.
100333,Islamabad,Volunteer Guide,A hidden gem! This local bank features busy bank.
100334,Rawalpindi,Volunteer Guide,I visited this beautiful shrine and was amazed by the modern mosque.
100335,Sialkot,Volunteer Guide,Locals say this local mosque is the best spot for historic place.
100336,Chitral,Volunteer Guide,A hidden gem! This local hotel features historic shop.
100337,Chitral,Volunteer Guide,Locals say this clean shrine is the best spot for busy hotel.
100338,Peshawar,Volunteer Guide,A hidden gem! This modern college features historic shop.
100339,Rawalpindi,Volunteer Guide,I visited this beautiful college and was amazed by the historic bank.
100340,Peshawar,Volunteer Guide,I visited this beautiful mosque and was amazed by the historic shop.
100341,Peshawar,Volunteer Guide,A hidden gem! This historic mosque features busy mosque.
100342,Sialkot,Volunteer Guide,A hidden gem! This historic hotel features famous shop.
100343,Chitral,Volunteer Guide,Locals say this local park is the best spot for modern service.
100344,Islamabad,Volunteer Guide,Locals say this historic shrine is the best spot for local experience.
100345,Rawalpindi,Volunteer Guide,A hidden gem! This beautiful mosque features busy shop.
100346,Chitral,Volunteer Guide,A hidden gem! This historic mosque features local shop.
100347,Attock,Volunteer Guide,I visited this modern hotel and was amazed by the local service.
100348,Sialkot,Volunteer Guide,A hidden gem! This modern bank features local bank.
100349,Islamabad,Volunteer Guide,I visited this modern mosque and was amazed by the beautiful shrine.
100350,Islamabad,Volunteer Guide,A hidden gem! This local college features famous spot.
100351,Muzaffarabad,Volunteer Guide,A hidden gem! This beautiful bank features busy place.
100352,Karachi,Volunteer Guide,A hidden gem! This beautiful park features clean view.
100353,Attock,Volunteer Guide,I visited this famous mosque and was amazed by the busy mosque.
100354,Lahore,Volunteer Guide,A hidden gem! This busy mosque features clean college.
100355,Kohat,Volunteer Guide,Locals say this local college is the best spot for modern hotel.
100356,Peshawar,Volunteer Guide,Locals say this beautiful college is the best spot for clean mosque.
100357,Islamabad,Volunteer Guide,I visited this local shop and was amazed by the beautiful experience.
100358,Attock,Volunteer Guide,Locals say this beautiful hotel is the best spot for historic service.
100359,Sialkot,Volunteer Guide,Locals say this modern park is the best spot for clean shrine.
100360,Lahore,Volunteer Guide,A hidden gem! This local park features busy bank.
100361,Islamabad,Volunteer Guide,I visited this historic shrine and was amazed by the local service.
100362,Skardu,Volunteer Guide,I visited this busy mosque and was amazed by the clean place.
100363,Quetta,Volunteer Guide,A hidden gem! This clean college features famous hotel.
100364,Chitral,Volunteer Guide,I visited this famous shrine and was amazed by the historic bank.
100365,Skardu,Volunteer Guide,I visited this modern mosque and was amazed by the historic bank.
100366,Quetta,Volunteer Guide,Locals say this local bank is the best spot for busy shop.
100367,Peshawar,Volunteer Guide,A hidden gem! This clean park features modern college.
100368,Kohat,Volunteer Guide,A hidden gem! This historic college features busy park.
100369,Kohat,Volunteer Guide,Locals say this busy mosque is the best spot for beautiful hotel.
100370,Peshawar,Volunteer Guide,I visited this modern bank and was amazed by the clean college.
100371,Islamabad,Volunteer Guide,A hidden gem! This beautiful bank features beautiful shrine.
100372,Rawalpindi,Volunteer Guide,Locals say this historic college is the best spot for local mosque.
100373,Skardu,Volunteer Guide,Locals say this local shrine is the best spot for clean shop.
100374,Skardu,Volunteer Guide,I visited this historic shrine and was amazed by the modern hotel.
100375,Quetta,Volunteer Guide,A hidden gem! This clean college features local bank.
100376,Karachi,Volunteer Guide,I visited this clean shop and was amazed by the local place.
100377,Peshawar,Volunteer Guide,A hidden gem! This famous shop features local hotel.
100378,Skardu,Volunteer Guide,A hidden gem! This local hotel features modern view.
100379,Rawalpindi,Volunteer Guide,I visited this beautiful bank and was amazed by the clean mosque.
100380,Peshawar,Volunteer Guide,Locals say this modern shop is the best spot for famous experience.
100381,Lahore,Volunteer Guide,Locals say this historic shop is the best spot for busy spot.
100382,Sialkot,Volunteer Guide,Locals say this modern college is the best spot for local spot.
100383,Sialkot,Volunteer Guide,I visited this modern shop and was amazed by the famous bank.
100384,Muzaffarabad,Volunteer Guide,I visited this historic hotel and was amazed by the local view.
100385,Kohat,Volunteer Guide,Locals say this modern park is the best spot for beautiful park.
100386,Attock,Volunteer Guide,I visited this famous shop and was amazed by the famous bank.
100387,Skardu,Volunteer Guide,A hidden gem! This modern bank features busy service.
100388,Sialkot,Volunteer Guide,A hidden gem! This historic shop features historic experience.
100389,Chitral,Volunteer Guide,A hidden gem! This busy bank features busy shop.
100390,Muzaffarabad,Volunteer Guide,Locals say this clean shrine is the best spot for beautiful experience.
100391,Chitral,Volunteer Guide,I visited this busy bank and was amazed by the busy service.
100392,Karachi,Volunteer Guide,I visited this historic college and was amazed by the busy view.
100393,Rawalpindi,Volunteer Guide,Locals say this modern hotel is the best spot for famous view.
100394,Karachi,Volunteer Guide,A hidden gem! This busy shrine features modern park.
100395,Islamabad,Volunteer Guide,I visited this famous bank and was amazed by the local bank.
100396,Lahore,Volunteer Guide,A hidden gem! This busy mosque features busy mosque.
100397,Karachi,Volunteer Guide,Locals say this busy park is the best spot for local shrine.
100398,Islamabad,Volunteer Guide,Locals say this historic shop is the best spot for historic place.
100399,Peshawar,Volunteer Guide,A hidden gem! This historic park features beautiful place.
100400,Lahore,Volunteer Guide,I visited this local shrine and was amazed by the beautiful park.
100401,Muzaffarabad,Volunteer Guide,Locals say this famous mosque is the best spot for clean experience.
100402,Lahore,Volunteer Guide,I visited this busy bank and was amazed by the beautiful service.
100403,Karachi,Volunteer Guide,A hidden gem! This beautiful shop features local experience.
100404,Quetta,Volunteer Guide,A hidden gem! This busy hotel features beautiful college.
100405,Islamabad,Volunteer Guide,Locals say this modern bank is the best spot for beautiful place.
100406,Kohat,Volunteer Guide,A hidden gem! This historic bank features beautiful shrine.
100407,Chitral,Volunteer Guide,A hidden gem! This famous park features clean park.
100408,Lahore,Volunteer Guide,A hidden gem! This modern park features busy park.
100409,Skardu,Volunteer Guide,I visited this busy shop and was amazed by the beautiful mosque.
100410,Chitral,Volunteer Guide,Locals say this busy shrine is the best spot for modern place.
100411,Lahore,Volunteer Guide,A hidden gem! This beautiful college features beautiful hotel.
100412,Karachi,Volunteer Guide,Locals say this modern college is the best spot for modern college.
100413,Islamabad,Volunteer Guide,Locals say this historic shop is the best spot for beautiful place.
100414,Peshawar,Volunteer Guide,Locals say this famous mosque is the best spot for local spot.
100415,Islamabad,Volunteer Guide,A hidden gem! This clean bank features beautiful service.
100416,Islamabad,Volunteer Guide,I visited this busy mosque and was amazed by the historic spot.
100417,Sialkot,Volunteer Guide,Locals say this famous bank is the best spot for historic bank.
100418,Skardu,Volunteer Guide,I visited this historic shrine and was amazed by the beautiful mosque.
100419,Sialkot,Volunteer Guide,I visited this clean hotel and was amazed by the historic shrine.
100420,Sialkot,Volunteer Guide,Locals say this local shrine is the best spot for local experience.
100421,Muzaffarabad,Volunteer Guide,A hidden gem! This famous shrine features busy hotel.
100422,Sialkot,Volunteer Guide,I visited this clean college and was amazed by the modern college.
100423,Peshawar,Volunteer Guide,A hidden gem! This busy shop features famous service.
100424,Chitral,Volunteer Guide,I visited this beautiful college and was amazed by the famous hotel.
100425,Peshawar,Volunteer Guide,I visited this famous park and was amazed by the famous view.
100426,Islamabad,Volunteer Guide,Locals say this modern shop is the best spot for local park.
100427,Kohat,Volunteer Guide,A hidden gem! This modern park features famous experience.
100428,Skardu,Volunteer Guide,A hidden gem! This busy hotel features busy park.
100429,Sialkot,Volunteer Guide,A hidden gem! This local shrine features modern view.
100430,Islamabad,Volunteer Guide,I visited this modern college and was amazed by the busy service.
100431,Sialkot,Volunteer Guide,A hidden gem! This clean college features beautiful college.
100432,Quetta,Volunteer Guide,A hidden gem! This historic mosque features busy college.
100433,Rawalpindi,Volunteer Guide,I visited this busy shop and was amazed by the historic park.
100434,Rawalpindi,Volunteer Guide,Locals say this clean shrine is the best spot for famous experience.
100435,Attock,Volunteer Guide,A hidden gem! This clean mosque features beautiful hotel.
100436,Attock,Volunteer Guide,Locals say this local park is the best spot for local spot.
100437,Lahore,Volunteer Guide,I visited this local bank and was amazed by the local spot.
100438,Lahore,Volunteer Guide,A hidden gem! This clean park features beautiful bank.
100439,Chitral,Volunteer Guide,A hidden gem! This local park features busy place.
100440,Peshawar,Volunteer Guide,A hidden gem! This historic shop features busy view.
100441,Rawalpindi,Volunteer Guide,A hidden gem! This famous shop features modern place.
100442,Islamabad,Volunteer Guide,I visited this historic shop and was amazed by the beautiful shrine.
100443,Karachi,Volunteer Guide,A hidden gem! This clean bank features clean park.
100444,Quetta,Volunteer Guide,A hidden gem! This beautiful bank features modern experience.
100445,Peshawar,Volunteer Guide,A hidden gem! This local college features local shop.
100446,Sialkot,Volunteer Guide,A hidden gem! This busy shop features modern place.
100447,Lahore,Volunteer Guide,A hidden gem! This famous college features historic shrine.
100448,Islamabad,Volunteer Guide,I visited this busy college and was amazed by the modern view.
100449,Quetta,Volunteer Guide,A hidden gem! This local college features famous park.
100450,Quetta,Volunteer Guide,I visited this local mosque and was amazed by the beautiful college.
100451,Attock,Volunteer Guide,I visited this busy bank and was amazed by the beautiful college.
100452,Kohat,Volunteer Guide,I visited this modern park and was amazed by the historic shop.
100453,Karachi,Volunteer Guide,I visited this famous hotel and was amazed by the beautiful experience.
100454,Karachi,Volunteer Guide,Locals say this busy shrine is the best spot for modern park.
100455,Attock,Volunteer Guide,A hidden gem! This historic hotel features busy spot.
100456,Islamabad,Volunteer Guide,Locals say this beautiful park is the best spot for local shrine.
100457,Kohat,Volunteer Guide,I visited this busy shop and was amazed by the beautiful mosque.
100458,Skardu,Volunteer Guide,I visited this historic park and was amazed by the famous shrine.
100459,Skardu,Volunteer Guide,Locals say this modern park is the best spot for busy college.
100460,Quetta,Volunteer Guide,I visited this beautiful shop and was amazed by the historic shop.
100461,Skardu,Volunteer Guide,A hidden gem! This busy college features busy shrine.
100462,Karachi,Volunteer Guide,Locals say this historic shop is the best spot for local service.
100463,Skardu,Volunteer Guide,A hidden gem! This modern college features busy spot.
100464,Chitral,Volunteer Guide,A hidden gem! This beautiful college features local mosque.
100465,Chitral,Volunteer Guide,I visited this clean shop and was amazed by the beautiful park.
100466,Attock,Volunteer Guide,Locals say this local shop is the best spot for historic park.
100467,Karachi,Volunteer Guide,Locals say this beautiful bank is the best spot for clean spot.
100468,Lahore,Volunteer Guide,A hidden gem! This beautiful mosque features busy view.
100469,Karachi,Volunteer Guide,A hidden gem! This clean mosque features local mosque.
100470,Quetta,Volunteer Guide,Locals say this busy mosque is the best spot for historic park.
100471,Sialkot,Volunteer Guide,A hidden gem! This historic park features local hotel.
100472,Muzaffarabad,Volunteer Guide,I visited this beautiful mosque and was amazed by the beautiful service.
100473,Chitral,Volunteer Guide,A hidden gem! This modern mosque features famous place.
100474,Lahore,Volunteer Guide,A hidden gem! This beautiful shrine features famous view.
100475,Skardu,Volunteer Guide,Locals say this beautiful mosque is the best spot for busy shop.
100476,Chitral,Volunteer Guide,Locals say this busy mosque is the best spot for local park.
100477,Muzaffarabad,Volunteer Guide,A hidden gem! This beautiful park features famous shrine.
100478,Rawalpindi,Volunteer Guide,A hidden gem! This clean park features busy bank.
100479,Muzaffarabad,Volunteer Guide,I visited this historic shrine and was amazed by the local park.
100480,Islamabad,Volunteer Guide,A hidden gem! This busy mosque features historic spot.
100481,Chitral,Volunteer Guide,A hidden gem! This famous mosque features historic mosque.
100482,Sialkot,Volunteer Guide,I visited this modern park and was amazed by the busy hotel.
100483,Lahore,Volunteer Guide,Locals say this busy mosque is the best spot for historic shrine.
100484,Peshawar,Volunteer Guide,Locals say this local mosque is the best spot for historic experience.
100485,Sialkot,Volunteer Guide,I visited this local hotel and was amazed by the local shrine.
100486,Attock,Volunteer Guide,A hidden gem! This historic mosque features clean spot.
100487,Muzaffarabad,Volunteer Guide,I visited this local hotel and was amazed by the busy spot.
100488,Sialkot,Volunteer Guide,A hidden gem! This famous mosque features clean place.
100489,Chitral,Volunteer Guide,A hidden gem! This modern hotel features famous place.
100490,Karachi,Volunteer Guide,A hidden gem! This local bank features modern shrine.
100491,Rawalpindi,Volunteer Guide,A hidden gem! This beautiful shrine features local view.
100492,Lahore,Volunteer Guide,A hidden gem! This local shrine features busy hotel.
100493,Kohat,Volunteer Guide,A hidden gem! This beautiful bank features famous college.
100494,Lahore,Volunteer Guide,I visited this historic mosque and was amazed by the modern view.
100495,Attock,Volunteer Guide,I visited this famous bank and was amazed by the beautiful park.
100496,Rawalpindi,Volunteer Guide,I visited this beautiful shrine and was amazed by the famous shop.
100497,Lahore,Volunteer Guide,Locals say this busy hotel is the best spot for modern shop.
100498,Chitral,Volunteer Guide,A hidden gem! This clean shrine features busy mosque.
100499,Skardu,Volunteer Guide,Locals say this modern mosque is the best spot for modern bank.
