class_label,rank,feat_idx,weight,feature_name
amenity:bank,1,10,2.5759410858154297,PAT_10
amenity:bank,2,243,1.012246012687683,PAT_243
amenity:bank,3,23,0.9970686435699463,PAT_23
amenity:bank,4,42,0.3802966773509979,PAT_42
amenity:bank,5,242,-0.2875920534133911,PAT_242
amenity:bank,6,160,0.2760283648967743,PAT_160
amenity:bank,7,94,0.2507622241973877,PAT_94
amenity:bank,8,54,0.10031384229660034,PAT_54
amenity:bank,9,78,0.07885368168354034,PAT_78
amenity:bank,10,117,0.02278626710176468,PAT_117
amenity:cafe,1,5,2.627760410308838,PAT_5
amenity:cafe,2,243,1.049978494644165,PAT_243
amenity:cafe,3,18,0.9052228927612305,PAT_18
amenity:cafe,4,39,0.4576033651828766,PAT_39
amenity:cafe,5,242,-0.27624574303627014,PAT_242
amenity:cafe,6,160,0.1956292986869812,PAT_160
amenity:cafe,7,47,0.10976830124855042,PAT_47
amenity:cafe,8,246,0.07867990434169769,amenity:cafe|sum_lift
amenity:cafe,9,1,-0.005813082680106163,PAT_1
amenity:cafe,10,12,-0.0017987729515880346,PAT_12
amenity:hospital,1,12,2.6618285179138184,PAT_12
amenity:hospital,2,243,1.0697426795959473,PAT_243
amenity:hospital,3,28,0.8642578721046448,PAT_28
amenity:hospital,4,36,0.5914197564125061,PAT_36
amenity:hospital,5,242,-0.2702535390853882,PAT_242
amenity:hospital,6,160,0.16184642910957336,PAT_160
amenity:hospital,7,116,0.058127135038375854,PAT_116
amenity:hospital,8,63,0.04415392875671387,PAT_63
amenity:hospital,9,102,0.039814241230487823,PAT_102
amenity:hospital,10,136,0.030998550355434418,PAT_136
amenity:hospital,11,137,0.009550986811518669,PAT_137
amenity:hospital,12,1,-0.008727194741368294,PAT_1
amenity:hospital,13,135,0.005727251525968313,PAT_135
amenity:hospital,14,5,-2.3440565200871788e-05,PAT_5
amenity:marketplace,1,29,3.1354432106018066,PAT_29
amenity:marketplace,2,44,1.1896343231201172,PAT_44
amenity:marketplace,3,243,-0.29833534359931946,PAT_243
amenity:marketplace,4,195,0.18081402778625488,PAT_195
amenity:marketplace,5,113,0.14780128002166748,PAT_113
amenity:marketplace,6,38,0.0016847403021529317,PAT_38
amenity:marketplace,7,93,0.0016847403021529317,PAT_93
amenity:mosque,1,0,1.9204115867614746,PAT_0
amenity:mosque,2,65,1.9204115867614746,PAT_65
amenity:mosque,3,243,0.7923792004585266,PAT_243
amenity:mosque,4,4,0.5077617764472961,PAT_4
amenity:mosque,5,242,-0.3609235882759094,PAT_242
amenity:mosque,6,16,0.25515180826187134,PAT_16
amenity:mosque,7,21,0.11416585743427277,PAT_21
amenity:mosque,8,251,0.04775093495845795,amenity:mosque|sum_lift
amenity:mosque,9,253,0.04775093495845795,amenity:mosque|max_lift
amenity:mosque,10,160,0.03330351039767265,PAT_160
amenity:mosque,11,24,0.014180600643157959,PAT_24
amenity:restaurant,1,2,1.8882583379745483,PAT_2
amenity:restaurant,2,241,1.856183648109436,PAT_241
amenity:restaurant,3,243,0.7336124777793884,PAT_243
amenity:restaurant,4,9,0.7252843379974365,PAT_9
amenity:restaurant,5,242,-0.3814127445220947,PAT_242
amenity:restaurant,6,160,0.21586160361766815,PAT_160
amenity:restaurant,7,40,0.08216668665409088,PAT_40
amenity:restaurant,8,43,0.006050253286957741,PAT_43
amenity:school,1,1,2.7432191371917725,PAT_1
amenity:school,2,243,1.1343988180160522,PAT_243
amenity:school,3,11,0.6635437607765198,PAT_11
amenity:school,4,27,0.37275898456573486,PAT_27
amenity:school,5,25,0.36655670404434204,PAT_25
amenity:school,6,242,-0.24960772693157196,PAT_242
amenity:school,7,26,0.23846830427646637,PAT_26
amenity:school,8,33,0.1575295627117157,PAT_33
amenity:school,9,48,0.032064322382211685,PAT_48
amenity:school,10,50,0.011570748873054981,PAT_50
amenity:school,11,12,-0.009194150567054749,PAT_12
amenity:school,12,5,-0.004405127838253975,PAT_5
amenity:school,13,10,-0.0010501635260879993,PAT_10
building:residential,1,30,3.601186752319336,PAT_30
building:residential,2,243,-0.3398606479167938,PAT_243
building:residential,3,161,0.209330216050148,PAT_161
building:residential,4,242,0.08818724006414413,PAT_242
highway:bus_stop,1,3,3.106473445892334,PAT_3
highway:bus_stop,2,20,0.7156502604484558,PAT_20
highway:bus_stop,3,22,0.6507854461669922,PAT_22
highway:bus_stop,4,35,0.3486246168613434,PAT_35
highway:bus_stop,5,243,-0.26208749413490295,PAT_243
highway:bus_stop,6,56,0.2096262276172638,PAT_56
highway:bus_stop,7,73,0.17714108526706696,PAT_73
highway:bus_stop,8,38,-0.12247907370328903,PAT_38
highway:bus_stop,9,93,-0.12247907370328903,PAT_93
highway:bus_stop,10,122,0.10854355990886688,PAT_122
highway:bus_stop,11,82,0.1045842319726944,PAT_82
highway:bus_stop,12,242,0.01317872479557991,PAT_242
historic:monument,1,74,3.4959139823913574,PAT_74
historic:monument,2,194,0.5214813947677612,PAT_194
historic:monument,3,243,-0.2944815456867218,PAT_243
historic:monument,4,38,-0.20152153074741364,PAT_38
historic:monument,5,93,-0.20152153074741364,PAT_93
historic:monument,6,242,0.1229533702135086,PAT_242
leisure:park,1,6,3.5175976753234863,PAT_6
leisure:park,2,46,0.40230825543403625,PAT_46
leisure:park,3,243,-0.3303699195384979,PAT_243
leisure:park,4,64,0.17642295360565186,PAT_64
leisure:park,5,88,0.11636588722467422,PAT_88
leisure:park,6,242,0.07150338590145111,PAT_242
natural:tree,1,8,3.5873987674713135,PAT_8
natural:tree,2,243,-0.30286020040512085,PAT_243
natural:tree,3,38,-0.20753811299800873,PAT_38
natural:tree,4,93,-0.20753811299800873,PAT_93
natural:tree,5,242,0.145733043551445,PAT_242
natural:water,1,13,3.587343215942383,PAT_13
natural:water,2,243,-0.3028055727481842,PAT_243
natural:water,3,38,-0.20755283534526825,PAT_38
natural:water,4,93,-0.20755283534526825,PAT_93
natural:water,5,242,0.14503492414951324,PAT_242
place:locality,1,112,3.587193727493286,PAT_112
place:locality,2,243,-0.3028434216976166,PAT_243
place:locality,3,38,-0.20756122469902039,PAT_38
place:locality,4,93,-0.20756122469902039,PAT_93
place:locality,5,242,0.14508137106895447,PAT_242
shop:bakery,1,19,2.9218826293945312,PAT_19
shop:bakery,2,31,0.9443967342376709,PAT_31
shop:bakery,3,41,0.6207398176193237,PAT_41
shop:bakery,4,243,-0.3271097242832184,PAT_243
shop:bakery,5,59,0.289593368768692,PAT_59
shop:bakery,6,164,0.13047075271606445,PAT_164
shop:bakery,7,38,0.10305999964475632,PAT_38
shop:bakery,8,93,0.10305999964475632,PAT_93
shop:bakery,9,62,0.06900551170110703,PAT_62
shop:bakery,10,114,0.01220681145787239,PAT_114
shop:clothes,1,17,3.343860626220703,PAT_17
shop:clothes,2,34,0.8603353500366211,PAT_34
shop:clothes,3,243,-0.32471635937690735,PAT_243
shop:clothes,4,38,0.051770031452178955,PAT_38
shop:clothes,5,93,0.051770031452178955,PAT_93
shop:clothes,6,242,0.011882415972650051,PAT_242
shop:clothes,7,134,0.010009902529418468,PAT_134
shop:supermarket,1,14,3.524489641189575,PAT_14
shop:supermarket,2,70,0.46275511384010315,PAT_70
shop:supermarket,3,243,-0.3306002914905548,PAT_243
shop:supermarket,4,115,0.15181782841682434,PAT_115
shop:supermarket,5,242,0.07304274290800095,PAT_242
shop:supermarket,6,169,0.03788475692272186,PAT_169
tourism:hotel,1,7,2.7127392292022705,PAT_7
tourism:hotel,2,15,1.1266297101974487,PAT_15
tourism:hotel,3,32,0.6973095536231995,PAT_32
tourism:hotel,4,243,-0.34942030906677246,PAT_243
tourism:hotel,5,38,0.1856243908405304,PAT_38
tourism:hotel,6,93,0.1856243908405304,PAT_93
tourism:hotel,7,119,0.14159096777439117,PAT_119
tourism:hotel,8,51,0.1363462209701538,PAT_51
tourism:hotel,9,143,0.030193442478775978,PAT_143
tourism:hotel,10,79,0.025372164323925972,PAT_79
