id,osm_id,osm_geom_type,osm_tag_key,osm_tag_value,name,name_ur,name_en,alt_name,description_raw,lat,lon,city,province,country,brand,operator,wikidata
3c2728bc-0646-5509-8e84-c8d99119b315,3232899486,node,historic,memorial,Quraish baba Mazar / قریش بابا زیارت,,Ziarat quraish baba,,,33.517108,71.4044671,Kohat,Khyber Pakhtunkhwa,Pakistan,,,
b5985b71-cf3c-5c77-9032-b7a48487e813,3232859348,node,place,village,چمبئی,,Chambai,,,33.5128947,71.4133725,Kohat,Khyber Pakhtunkhwa,Pakistan,,,
52343177-5f93-51d6-b985-6d49d2b95747,1037909257,way,natural,scrub,,,,,,33.5134996,71.3940973,Kohat,Khyber Pakhtunkhwa,Pakistan,,,
e30ce0e7-f829-5cd8-9942-f8c025849836,1037909251,way,landuse,residential,,,,,,33.5119727,71.4140469,Kohat,Khyber Pakhtunkhwa,Pakistan,,,
123289bd-1522-55d1-8d6f-183a15eb05bb,1037909258,way,natural,wood,,,,,,33.5166245,71.4000973,Kohat,Khyber Pakhtunkhwa,Pakistan,,,
6edaddbf-ca0a-59bc-a974-710913a7d43b,13899851,relation,natural,scrub,,,,,,33.5267654,71.4194207,Kohat,Khyber Pakhtunkhwa,Pakistan,,,
80be2bb9-b93a-5635-bd6a-5d994ee3c061,13899852,relation,natural,wood,,,,,,33.5229912,71.413628,Kohat,Khyber Pakhtunkhwa,Pakistan,,,
71e7af33-9238-5b09-a74d-bbdc2feea476,25664217,way,natural,water,Tanda Lake,,,,,33.5743584,71.382745,Kohat,Khyber Pakhtunkhwa,Pakistan,,,
e9e58913-eaf0-5b4e-8376-f833d47761b6,13899441,relation,landuse,residential,,,,,,33.5673168,71.436929,Kohat,Khyber Pakhtunkhwa,Pakistan,,,
fc9f8a63-e11c-549b-b87a-55a7e823d732,2562506697,node,place,town,ھنگو پہاٹک,,,,,33.5928464,71.418299,Kohat,Khyber Pakhtunkhwa,Pakistan,,,
a260bcb1-88e7-55fa-9b66-13ea7b496bb5,2523162566,node,landuse,residential,Kasu Kalay,,,,,33.6064706,71.4162841,Kohat,Khyber Pakhtunkhwa,Pakistan,,,
0494d074-24dc-5927-95b0-257422147a00,245060311,way,landuse,residential,Kassu Kala,,,,,33.6052207,71.4146596,Kohat,Khyber Pakhtunkhwa,Pakistan,,,
02c28a39-06f1-5a86-8ba0-135177550ffa,1315486619,way,landuse,residential,,,,,,33.5925101,71.3987743,Kohat,Khyber Pakhtunkhwa,Pakistan,,,
2b39c6c1-8ee3-528b-acf9-0c2fae56feb8,1315484932,way,landuse,residential,,,,,,33.5861897,71.4185653,Kohat,Khyber Pakhtunkhwa,Pakistan,,,
3aa56815-a5d2-544b-ae52-5b57a2362172,686252170,way,public_transport,platform,Hangu Pattak,,,,,33.5927644,71.4182967,Kohat,Khyber Pakhtunkhwa,Pakistan,,per habib shah,
14ded739-f306-5d84-804a-c68e8188e06e,1315482059,way,leisure,garden,,,,,,33.5877718,71.4255854,Kohat,Khyber Pakhtunkhwa,Pakistan,,,
c5adec73-c928-55cc-af6a-24d7a008530c,1315482682,way,leisure,garden,,,,,,33.5877944,71.4242935,Kohat,Khyber Pakhtunkhwa,Pakistan,,,
021ac0b1-3d74-596f-add6-e8adba26fcf4,245058759,way,landuse,residential,,,,,,33.5893131,71.4261505,Kohat,Khyber Pakhtunkhwa,Pakistan,,,
71744ccc-98eb-596c-8f4e-4db658a5af1f,3234018903,node,amenity,fuel,Chambi oil pump - Karim Afridi,,,,,33.5044165,71.4317736,Kohat,Khyber Pakhtunkhwa,Pakistan,,,
bdc70433-a722-576a-93ed-91b671908b33,3234020014,node,amenity,restaurant,,,,,,33.5047138,71.4318107,Kohat,Khyber Pakhtunkhwa,Pakistan,,,
e2cbd3a3-1f77-5516-a401-0d41bc350bfe,3234020015,node,shop,supermarket,,,,,,33.5041999,71.4314751,Kohat,Khyber Pakhtunkhwa,Pakistan,,,
8071b820-e096-5e58-9a48-b1f20eb23de8,3234022214,node,amenity,police,New Police station - Chambi,,,,,33.5018565,71.4301632,Kohat,Khyber Pakhtunkhwa,Pakistan,,,
e695fa38-2481-5a08-8a32-70eb5326f1d1,3234016864,node,amenity,parking,,,,,,33.5077703,71.4340339,Kohat,Khyber Pakhtunkhwa,Pakistan,,,
8f70ab19-8296-5810-899b-0a4065abaf92,5287381826,node,amenity,fuel,Parco Petrol Station,,,,,33.5159287,71.4425358,Kohat,Khyber Pakhtunkhwa,Pakistan,,,
c386211e-edbb-5b27-80e5-0c0f46ce0760,3232793075,node,amenity,place_of_worship,,,,,,33.5215086,71.4463769,Kohat,Khyber Pakhtunkhwa,Pakistan,,,
318a80f7-693d-5413-8de7-fc5e776a6e27,3232825361,node,amenity,restaurant,Kaka Jee hotel,,,,,33.5195719,71.4463002,Kohat,Khyber Pakhtunkhwa,Pakistan,,,
2fd15bf9-e79a-5029-924c-dce4e1b7df22,3232825362,node,shop,tailor,Tailor,,,,,33.5195885,71.4460734,Kohat,Khyber Pakhtunkhwa,Pakistan,,,
5f59cf82-4819-5506-ae30-fb60d5110437,6542326786,node,office,government,Board of Intermediate & Secondary Education,,,,,33.5186308,71.4445225,Kohat,Khyber Pakhtunkhwa,Pakistan,,,
ddb4f634-55af-52a8-86db-b4c1aaa5265c,6542326787,node,office,government,KUST (Kohat University of Science & Technology),,,,,33.5190103,71.4448521,Kohat,Khyber Pakhtunkhwa,Pakistan,,,
15c73fb3-da37-5a6f-a0f0-12fd0df623c4,6564228088,node,office,government,Board of Intermediate and Secondary Education (BISE) Kohat,,,,,33.5193518,71.4438153,Kohat,Khyber Pakhtunkhwa,Pakistan,,,
868f9b6e-5899-5df5-adad-22109c18bdc9,13282562501,node,office,government,Chairman office BISE Kohat,,,,,33.5195364,71.4436632,Kohat,Khyber Pakhtunkhwa,Pakistan,,,
a898afa4-06d6-59b3-be52-e4d86cd45f70,13282564201,node,office,government,,,,,,33.5192925,71.4435988,Kohat,Khyber Pakhtunkhwa,Pakistan,,,
639dd429-e037-5e11-8837-d1b00db5f37d,317057858,way,leisure,garden,Botany Garden,,,,,33.5213313,71.444755,Kohat,Khyber Pakhtunkhwa,Pakistan,,,
9fce48f2-394b-5a17-b6b0-a488d106f224,317058045,way,tourism,hostel,G-1 Hostel,,,,,33.520726,71.4454587,Kohat,Khyber Pakhtunkhwa,Pakistan,,,
df26bd42-e052-5db6-bef9-8e26daca1954,317058798,way,tourism,hostel,G-2 Hostel,,,,,33.5202813,71.4451201,Kohat,Khyber Pakhtunkhwa,Pakistan,,,
6a7e05fa-f207-52cc-9b83-8e9617eacd47,317058939,way,tourism,hostel,B-1 Hostael,,,,,33.521917,71.443927,Kohat,Khyber Pakhtunkhwa,Pakistan,,,
2b129752-8c4b-5235-8b93-e170b66dac38,317058958,way,tourism,hostel,B-2 Hostel,,,,,33.5209393,71.4430773,Kohat,Khyber Pakhtunkhwa,Pakistan,,,
6d35c611-f484-58b7-b047-8b3d55f8555d,317060121,way,healthcare,clinic,Healthcare Centre,ہیلتھ کیئر سینٹر,,,,33.5241761,71.4461574,Kohat,Khyber Pakhtunkhwa,Pakistan,,,
f1dc2ad7-f08c-5093-b453-8a2e233d84cd,317060549,way,tourism,hostel,Staff Hostel,,,,,33.520468,71.444504,Kohat,Khyber Pakhtunkhwa,Pakistan,,,
555d4c85-037b-5171-b923-56229204b1e9,317065161,way,leisure,playground,,,,,,33.5204981,71.442651,Kohat,Khyber Pakhtunkhwa,Pakistan,,,
b2c68bcb-2c1a-5c49-9968-e26593912b8f,317057294,way,amenity,parking,,,,,,33.5225991,71.447265,Kohat,Khyber Pakhtunkhwa,Pakistan,,,
e3231b6f-af38-5cc4-b9b9-5ac1104c94c4,317060389,way,leisure,playground,,,,,,33.5232812,71.4478905,Kohat,Khyber Pakhtunkhwa,Pakistan,,,
5506253b-2b0d-53be-b2fc-57442c220e7e,2751963199,node,amenity,taxi,Merozai - Bus adda,بس اڈہ میروزي کوہاٹ,,,,33.5538145,71.4472325,Kohat,Khyber Pakhtunkhwa,Pakistan,,,
6b947e0d-33cf-5872-85fe-af90ee3e7e48,2751958784,node,amenity,taxi,BUS STAND - Merozai,مروزي ۔  بس سٹینڈ,,,,33.5538955,71.4484678,Kohat,Khyber Pakhtunkhwa,Pakistan,,Kohat Transport union,
266e1839-d7a4-5f08-9eec-bfd2249c992c,2523333912,node,landuse,residential,Dheri Banda - Village,,,,,33.5686093,71.4387781,Kohat,Khyber Pakhtunkhwa,Pakistan,,,
43f04424-fe96-5d38-926b-f8cfa585cc60,2751989453,node,tourism,artwork,PAF Gate 1,,,,,33.5703539,71.4474907,Kohat,Khyber Pakhtunkhwa,Pakistan,,,
e395a6b5-f062-5469-b531-b4e2ad3d7307,270122963,way,aeroway,aerodrome,Kohat Airbase,,,,,33.5702438,71.439988,Kohat,Khyber Pakhtunkhwa,Pakistan,,Pakistan Air Force,Q3696007
a574ae41-31ee-52e5-93cd-2d31e8c52283,270122637,way,amenity,place_of_worship,Khatak colony masjid,,,,,33.5554207,71.4483661,Kohat,Khyber Pakhtunkhwa,Pakistan,,,
0ccf789a-d857-5cf8-81ef-9b87921dcfde,264592160,way,railway,station,کوہاٹ,کوہاٹ,Kohat,,,33.5720176,71.4515863,Kohat,Khyber Pakhtunkhwa,Pakistan,,,
24d74c7c-9b28-5f83-b031-b1b1f6870aed,1011306295,way,leisure,pitch,,,,,,33.5730605,71.4433855,Kohat,Khyber Pakhtunkhwa,Pakistan,,,
5a9924a1-b872-5c9d-909a-6ebebccede4b,13296518901,node,tourism,guest_house,Madina Restuarant and Guest House,,,,,33.5898922,71.4327238,Kohat,Khyber Pakhtunkhwa,Pakistan,,,
28ad0c2d-f55c-5172-9f7b-3497233f5010,5210818527,node,amenity,place_of_worship,,,,,,33.5910827,71.4252798,Kohat,Khyber Pakhtunkhwa,Pakistan,,,
06529c9a-62f5-580b-91a3-c3ccb506aa9e,12208739215,node,amenity,place_of_worship,Gurudwara Saragarhi Singh Sahba Hangu,,Gurudwara saragarhi,,,33.5937482,71.4309578,Kohat,Khyber Pakhtunkhwa,Pakistan,,,
ebc80d3b-e877-517a-9a97-52b3ed32fc37,2534698200,node,amenity,place_of_worship,,,,,,33.5773933,71.4472091,Kohat,Khyber Pakhtunkhwa,Pakistan,,,
8f47b3f3-3ab6-53ab-ba16-e9ff912ec639,2523073933,node,healthcare,hospital,Sangir Hospital,سنگیر ہسپتال,,,,33.58454,71.4370985,Kohat,Khyber Pakhtunkhwa,Pakistan,,,
996291b2-8f62-50af-b69c-3611ad0b6971,5133026898,node,healthcare,clinic,Muhammadi Homoeopathic Clinic & Hijama Center,محمدی ہومیوپیتھک کلینک اور حجامہ سینٹر,,,,33.5870767,71.4391015,Kohat,Khyber Pakhtunkhwa,Pakistan,,,
2dcc1c81-e45a-5752-80dd-4c34af4725fb,2520058986,node,amenity,taxi,Bus / Taxi Stand,,,,,33.5890764,71.4408704,Kohat,Khyber Pakhtunkhwa,Pakistan,,,
f2a6459c-5d99-5a95-8468-04d7a7414744,2523050210,node,leisure,park,Company Bagh,,,,,33.5901165,71.4421961,Kohat,Khyber Pakhtunkhwa,Pakistan,,,
66cccab1-c6ff-5533-9cf2-53ee9586bfaa,2523132924,node,healthcare,hospital,CMH (Combined Milatary Hospital),سی ایم ایچ (کمبائنڈ ملٹری ہسپتال),,,,33.5868235,71.44639,Kohat,Khyber Pakhtunkhwa,Pakistan,,,
ab77e32e-741d-5723-810d-1d3500fac30c,4575798393,node,shop,bakery,Samana Bakery,,Samana Bakery,,,33.5865069,71.4457029,Kohat,Khyber Pakhtunkhwa,Pakistan,,,
972405fc-c6e8-5646-bc88-6fb7f9abc2ae,4575798394,node,amenity,fast_food,Foodies Fast Food,,Foodies Fast Food,,,33.5862641,71.4456878,Kohat,Khyber Pakhtunkhwa,Pakistan,,,
06c5b1bc-f72f-5c50-85fe-4907c695100b,4575923389,node,amenity,restaurant,Shelton Restaurant,,Shelton Restaurant,,,33.5867195,71.4455388,Kohat,Khyber Pakhtunkhwa,Pakistan,,,
21e8c296-eb47-5762-a03d-72ffcf2e626c,4575923493,node,shop,supermarket,Piquet Point,,Piquet Point,,,33.5862649,71.4459021,Kohat,Khyber Pakhtunkhwa,Pakistan,,,
3eaf7df1-fb8f-517d-b868-e158050972bc,4575926791,node,amenity,fast_food,Food Corner,,Food Corner,,,33.5861085,71.4468905,Kohat,Khyber Pakhtunkhwa,Pakistan,,,
a5fec665-6bf4-5d21-bec3-7fb43d92a940,4584340893,node,shop,department_store,Jani Super Store,,Jani Super Store,,,33.5886877,71.4471379,Kohat,Khyber Pakhtunkhwa,Pakistan,,Jani,
865f4a13-176f-51c4-b82c-ffd8d38858c7,4584340894,node,shop,department_store,Rehman Karyana,,Rehman Karyana,,,33.5887358,71.447197,Kohat,Khyber Pakhtunkhwa,Pakistan,,,
c90e3156-f25e-58af-b521-c6c373961dba,4584340895,node,amenity,bank,NBP Main Branch,,NBP Main Branch,,,33.5858819,71.4428789,Kohat,Khyber Pakhtunkhwa,Pakistan,,,
31a532db-a335-51b8-99f0-5c617f9f4dbe,4584408689,node,amenity,atm,,,,,,33.5864638,71.4453158,Kohat,Khyber Pakhtunkhwa,Pakistan,,NBP,
8910cb6d-6029-5114-b1bd-30b25ac78ee6,10250741014,node,amenity,bank,,,Habib Bank Branch,,,33.5890982,71.4426857,Kohat,Khyber Pakhtunkhwa,Pakistan,,,
3544aa98-9ad1-5290-9cec-62e7275dfbe4,11703317469,node,office,government,Army Selection & Recruitment Office,,,,,33.5877102,71.4460175,Kohat,Khyber Pakhtunkhwa,Pakistan,,,
f0237db6-6ad8-595e-b7a2-7416d599764c,279783374,node,place,city,کوہاٹ,کوہاٹ,Kohat,,,33.5967144,71.4399944,Kohat,Khyber Pakhtunkhwa,Pakistan,,,Q1195983
c6f6784c-fc8c-5904-a791-17e7c5f60380,6680896288,node,office,government,Fortress,,,,,33.5910252,71.4378489,Kohat,Khyber Pakhtunkhwa,Pakistan,,,
d0e36b05-5aed-5f27-9a40-60014f3968a6,2523050894,node,amenity,courthouse,Courts,,,,,33.591114,71.4437869,Kohat,Khyber Pakhtunkhwa,Pakistan,,IROP,
48960660-53ee-5b05-9621-cb744f405d0c,2562531339,node,landuse,residential,خوشحال وآدی-Kushhall valley,,,,,33.5934489,71.4442808,Kohat,Khyber Pakhtunkhwa,Pakistan,,,
20920261-3900-524a-8795-090d8da9198c,4575923394,node,historic,monument,Yadgar e Shuhada,,Yadgar e Shuhada,,,33.59006,71.4488779,Kohat,Khyber Pakhtunkhwa,Pakistan,,,
b2d17389-395a-5bcc-92d1-47ac6312898e,2523055859,node,education,college,Army Public School & College-Kohat,آرمی پبلک سکول اینڈ کالج کوہاٹ,,,,33.5933934,71.4496926,Kohat,Khyber Pakhtunkhwa,Pakistan,,IROP,
4feaad35-863e-5d05-a5de-92c791f0bef2,761800947,way,landuse,residential,Gamkol,,,,,33.6126488,71.4536579,Kohat,Khyber Pakhtunkhwa,Pakistan,,,
04eec53a-5657-58ea-9d70-53e5ac134565,245059344,way,landuse,residential,Garhi Ata Khan,,,,,33.5875287,71.4328437,Kohat,Khyber Pakhtunkhwa,Pakistan,,,
d540f57e-a08c-5708-b56a-22fda8009c7f,1011306296,way,leisure,pitch,,,,,,33.5752969,71.4404214,Kohat,Khyber Pakhtunkhwa,Pakistan,,,
43449998-ec90-590e-ae57-301c54c588d3,1011306297,way,leisure,pitch,,,,,,33.575355,71.4406533,Kohat,Khyber Pakhtunkhwa,Pakistan,,,
539fbbba-317d-5b11-bdb7-769731c97acd,264590271,way,leisure,garden,باغونہ,,,,,33.5798475,71.4383976,Kohat,Khyber Pakhtunkhwa,Pakistan,,,
af3a22e9-86b0-5c25-8bed-f127c17042ad,1011306298,way,leisure,pitch,,,,,,33.575412,71.4408852,Kohat,Khyber Pakhtunkhwa,Pakistan,,,
42a7a6d1-8fa9-5e9f-a79e-6640de4a493d,264590523,way,leisure,garden,باغ,,,,,33.5818749,71.4373039,Kohat,Khyber Pakhtunkhwa,Pakistan,,,
bd6a030d-1f59-582f-818e-3ab8df80ffc1,264590933,way,amenity,parking,,,,,,33.583187,71.4390777,Kohat,Khyber Pakhtunkhwa,Pakistan,,,
58e8ebc3-938a-5235-8022-e1e12bd8fb23,245049362,way,amenity,place_of_worship,,,,,,33.5860842,71.4366837,Kohat,Khyber Pakhtunkhwa,Pakistan,,,
da2fc330-72e5-5425-bb2b-ccf3449c8d51,964584287,way,shop,greengrocer,Kohat Sabzi Mandi,,,,,33.5880197,71.4367627,Kohat,Khyber Pakhtunkhwa,Pakistan,,,
a41d448b-82df-57d0-ba2e-1fa7c9e2c63e,866679739,node,place,village,Ghamkol Sharif,,,,,33.6273958,71.4375928,Kohat,Khyber Pakhtunkhwa,Pakistan,,,
5d1760f4-38f8-5033-9a96-161eb2dcee38,248789154,way,natural,water,,,,,,33.6152573,71.4490984,Kohat,Khyber Pakhtunkhwa,Pakistan,,,
00b2f098-e45c-5fda-bbc9-86d99ad1396b,306849652,way,amenity,place_of_worship,ghamkol sharif,,,,,33.6283241,71.4378726,Kohat,Khyber Pakhtunkhwa,Pakistan,,,
df4dbde1-f2ca-53d1-b923-bdda009e659a,3234035006,node,amenity,police,Jarma Police Station,,,,,33.5257969,71.4515167,Kohat,Khyber Pakhtunkhwa,Pakistan,,,
cd419b84-0e14-5fce-b203-2546427da50e,4290840992,node,tourism,guest_house,Bhutan Sharif,,,,,33.5232841,71.4650195,Kohat,Khyber Pakhtunkhwa,Pakistan,,,
bb6a3337-928e-5d01-ae61-75dda211ee37,2523308580,node,amenity,parking,Markaz Parking A,,,,,33.5648603,71.4720784,Kohat,Khyber Pakhtunkhwa,Pakistan,,,
68f6fcb8-eb6a-57f0-8c78-c1c1aaa33fdb,2523307538,node,amenity,parking,Markaz Big Parking,,,,,33.5622619,71.4741997,Kohat,Khyber Pakhtunkhwa,Pakistan,,,
3b88313f-72bb-5120-bdf1-bb6a9b7f0552,876095851,node,railway,station,کوہاٹ,کوہاٹ,Kohat Cantt,,,33.5718997,71.4510859,Kohat,Khyber Pakhtunkhwa,Pakistan,,,Q18517096
fffe7618-7664-5b90-8854-ac5b42116647,2523326309,node,tourism,hostel,Gul Hostel,,,,,33.5714613,71.4722121,Kohat,Khyber Pakhtunkhwa,Pakistan,,,
07fa7939-2e17-5087-a0ce-8c279cfaa148,13284670401,node,office,government,"Government Comprehensive High School, Kohat",,,,,33.5730389,71.468842,Kohat,Khyber Pakhtunkhwa,Pakistan,,,
fe50d3f9-d333-5e33-818e-d62ef302c6c3,13284774801,node,tourism,hostel,VIP Hostel for gents (private),,,,,33.571245,71.4741763,Kohat,Khyber Pakhtunkhwa,Pakistan,,,
ec2bf525-0089-51a2-a8d2-3ad34ca6a5e0,270054317,way,leisure,swimming_pool,Talab Army Training talab,,,,,33.5452642,71.4724781,Kohat,Khyber Pakhtunkhwa,Pakistan,,,
d8d1141a-9486-5bb7-a05a-2321dca0cfb5,623705475,way,landuse,industrial,Kotal Gas Plant,,,,,33.5558452,71.4715485,Kohat,Khyber Pakhtunkhwa,Pakistan,,,
5ef2870d-7c60-5831-9cf8-79e75bb6a04f,245076226,way,amenity,place_of_worship,Kohat Markaz,,,,,33.5635655,71.4733862,Kohat,Khyber Pakhtunkhwa,Pakistan,,,
e1ab3566-59de-5ed9-87c3-cf1d3a069e54,1039593654,way,leisure,park,,,,,,33.5721738,71.4507437,Kohat,Khyber Pakhtunkhwa,Pakistan,,,
301cc908-d262-5f7a-8a0a-d989022c60e5,2523332191,node,landuse,residential,Bhawal Nagar - Kohat,,,,,33.5769516,71.4559159,Kohat,Khyber Pakhtunkhwa,Pakistan,,,
2fa3ced5-7843-5040-9214-f9899dee1aec,2523329692,node,leisure,playground,KDA Hockey Ground,,,,,33.5961086,71.458252,Kohat,Khyber Pakhtunkhwa,Pakistan,,,
c2bded5b-953e-5ed6-aea3-ea1a7b7c25ea,4326611991,node,amenity,atm,,,,,,33.6031883,71.4603297,Kohat,Khyber Pakhtunkhwa,Pakistan,,,
fde99a2a-c2b1-57e7-849b-3fa4da8c2254,4326612293,node,shop,bakery,,,,,,33.6035439,71.4597503,Kohat,Khyber Pakhtunkhwa,Pakistan,,,
65c5fbde-baac-5dc0-a090-cd8dc1804ee6,4326658389,node,amenity,bank,ایم سی بی بینک,ایم سی بی بینک,MCB Bank,,,33.6031358,71.4602425,Kohat,Khyber Pakhtunkhwa,Pakistan,ایم سی بی بینک,,
74462836-7714-5ef5-9b19-7161ba25f44a,4326591094,node,tourism,attraction,SECTOR 9 market,,,,,33.603703,71.4593972,Kohat,Khyber Pakhtunkhwa,Pakistan,,,
4cfe2981-1ca5-5cd4-8b0a-82e6fc3d557d,4378726289,node,amenity,fuel,Petrol Station,,Petrol Station,,,33.6085588,71.4583458,Kohat,Khyber Pakhtunkhwa,Pakistan,,,
abac03e2-992a-505b-9558-6778e1531636,5212740524,node,office,government,KDA mess guest house,,,,,33.6092243,71.459889,Kohat,Khyber Pakhtunkhwa,Pakistan,,,
f56f38db-4dd3-5423-9c9c-5375d8dc16a7,2523331721,node,place,village,مر احمد خلیل,مر احمد خلیل,Mir Ahmad Khalil,,,33.5800671,71.4651411,Kohat,Khyber Pakhtunkhwa,Pakistan,,,
a231d48d-6b5d-5b56-bd43-6fbaa36f34ac,2523331106,node,place,village,Kalu China Banda,,,,,33.580429,71.4707978,Kohat,Khyber Pakhtunkhwa,Pakistan,,,
634a23bf-6d1f-5ab8-9973-761068050dfb,4338959792,node,leisure,playground,,,,,,33.6019338,71.4623946,Kohat,Khyber Pakhtunkhwa,Pakistan,,,
772b186b-0a41-5563-85e8-5a28ce48b2ec,6407786488,node,shop,convenience,Yaseen General Store,,,,,33.5989776,71.4655682,Kohat,Khyber Pakhtunkhwa,Pakistan,,,
862ecd40-937c-568f-a75d-298ba1513364,4326592493,node,tourism,attraction,KDA PARK,,,,,33.6050829,71.4610102,Kohat,Khyber Pakhtunkhwa,Pakistan,,,
d7ca72f1-10d4-58eb-bb39-508ebca1dfdf,244821208,way,amenity,place_of_worship,,,,,,33.5980581,71.4573183,Kohat,Khyber Pakhtunkhwa,Pakistan,,,
75ac5e90-d471-559e-a581-3f663968aabb,245035922,way,amenity,place_of_worship,,,,,,33.6075502,71.4557085,Kohat,Khyber Pakhtunkhwa,Pakistan,,,
f5cf3ffb-d1f1-5fdf-b652-2e3bd17be986,682956704,way,amenity,place_of_worship,Mazar Sharif of Hazrat Syed Shah Ismail Sherazi,,,,,33.5877806,71.474036,Kohat,Khyber Pakhtunkhwa,Pakistan,,,
acc3b1af-68c0-5695-add9-5556b01c0e1d,6885931962,node,amenity,restaurant,"Afridi Inn, Kotal Pass, Kohat",,,,,33.6383663,71.4738776,Kohat,Khyber Pakhtunkhwa,Pakistan,,,
53a9dcb9-25ba-5ed4-98ae-8580f992b689,245036566,way,historic,monument,Tomb,,,,,33.6136221,71.453062,Kohat,Khyber Pakhtunkhwa,Pakistan,,,
d1aabf27-ac0d-5a4b-a2a6-85eb2a85a720,245039279,way,leisure,stadium,Cricket Stadium,,,,,33.6161164,71.4603416,Kohat,Khyber Pakhtunkhwa,Pakistan,,,
2c1a49c3-a011-5bee-b58c-8cb19e7578a4,245040192,way,leisure,pitch,Hokey Field,,,,,33.6175847,71.4606723,Kohat,Khyber Pakhtunkhwa,Pakistan,,,
23adf095-49a3-56cb-a0bc-36050ba49c5d,245039102,way,leisure,pitch,Foot Ball Stadium,,,,,33.6173721,71.4618746,Kohat,Khyber Pakhtunkhwa,Pakistan,,,
87cb3776-a86c-5820-b679-d209b36fc233,9559489443,node,place,village,ڈھیری بانڈہ,,Dheri Banda,,,33.5010158,71.4942604,Kohat,Khyber Pakhtunkhwa,Pakistan,,,
f1514650-f121-584a-a46e-165d87ae8c6d,9200970557,node,amenity,fuel,,,,,,33.5209642,71.4781747,Kohat,Khyber Pakhtunkhwa,Pakistan,,,
d632b5ad-c9dc-5d90-ab63-de5db2c5fa33,2751524039,node,leisure,garden,Dhoda Park,,,,,33.5367157,71.4846334,Kohat,Khyber Pakhtunkhwa,Pakistan,,,
bb268a39-3b3d-559d-9fe4-527640265278,3587497396,node,amenity,fuel,Aamir CNG,,,,,33.521114,71.4893702,Kohat,Khyber Pakhtunkhwa,Pakistan,,,
07454d63-64fb-5c7b-b4d6-2421443c4297,1037861997,way,landuse,residential,,,,,,33.5030856,71.4952768,Kohat,Khyber Pakhtunkhwa,Pakistan,,,
21f11d17-6b0f-5ef6-833b-bf2370b0557f,17788317,relation,natural,scrub,,,,,,33.5206688,71.5202571,Kohat,Khyber Pakhtunkhwa,Pakistan,,,
6d0748de-c56b-53ae-ac67-9e06f5113d1a,17788315,relation,natural,scrub,,,,,,33.530693,71.5258248,Kohat,Khyber Pakhtunkhwa,Pakistan,,,
960edb8b-3299-5005-a4f3-b20899b7a05c,12665019,relation,natural,water,,,,,,33.5350984,71.4807449,Kohat,Khyber Pakhtunkhwa,Pakistan,,,
61ee18cb-50bd-5e11-8dae-94c35bd6ac97,13296213202,node,tourism,hostel,VIP Hostel for boys (private),,,,,33.5702297,71.4762426,Kohat,Khyber Pakhtunkhwa,Pakistan,,,
26ef8eac-3880-5921-b9d3-a87139ccd2f5,866650957,node,place,village,توغ بالا,,Togh Bāla,,,33.5563158,71.4993253,Kohat,Khyber Pakhtunkhwa,Pakistan,,,
99e8dc74-afab-55b4-81ad-39f592cf19c8,2523325116,node,amenity,police,R T W - Kohat -Police Training,,,,,33.5714613,71.4752852,Kohat,Khyber Pakhtunkhwa,Pakistan,,,
0dc6b17e-a8f2-5282-9bb4-8e57a07904d0,1037861978,way,landuse,residential,,,,,,33.5554489,71.5051242,Kohat,Khyber Pakhtunkhwa,Pakistan,,,
