class_label,type,item,count,frac
amenity:bank,token,amenity_bank,46,1.0
amenity:bank,token,amenity,46,1.0
amenity:bank,token,islamabad,46,1.0
amenity:bank,token,bank_islamabad,46,1.0
amenity:bank,token,bank,46,1.0
amenity:bank,token,اسلام_آباد,32,0.695652
amenity:bank,token,اسلام,32,0.695652
amenity:bank,token,آباد,32,0.695652
amenity:bank,token,بینک,17,0.369565
amenity:bank,token,بینک_amenity,10,0.217391
amenity:bank,token,bank_amenity,8,0.173913
amenity:bank,token,islamabad_jinnah,7,0.152174
amenity:bank,token,jinnah_اسلام,7,0.152174
amenity:bank,token,jinnah,7,0.152174
amenity:bank,token,islamabad_اسلام,7,0.152174
amenity:bank,token,چارٹرڈ_amenity,6,0.130435
amenity:bank,token,اسٹینڈرڈ,6,0.130435
amenity:bank,token,چارٹرڈ,6,0.130435
amenity:bank,token,اسٹینڈرڈ_چارٹرڈ,6,0.130435
amenity:bank,token,بینک_لمیٹڈ,5,0.108696
amenity:bank,token,لمیٹڈ_amenity,5,0.108696
amenity:bank,token,لمیٹڈ,5,0.108696
amenity:bank,token,عسکری,5,0.108696
amenity:bank,token,عسکری_بینک,5,0.108696
amenity:bank,token,kurram_اسلام,4,0.086957
amenity:bank,token,kurram,4,0.086957
amenity:bank,token,islamabad_kurram,4,0.086957
amenity:bank,token,الائیڈ,4,0.086957
amenity:bank,token,الائیڈ_بینک,4,0.086957
amenity:bank,token,پاکستان_amenity,4,0.086957
amenity:bank,token,پاکستان,4,0.086957
amenity:bank,token,pakistan_amenity,3,0.065217
amenity:bank,token,pakistan,3,0.065217
amenity:bank,token,bank_pakistan,3,0.065217
amenity:bank,token,markaz,3,0.065217
amenity:bank,token,commercial_bank,3,0.065217
amenity:bank,token,commercial,3,0.065217
amenity:bank,token,islamabad_school,3,0.065217
amenity:bank,token,بی,3,0.065217
amenity:bank,token,school,3,0.065217
amenity:bank,tag,tag:amenity=bank,46,1.0
amenity:bank,tag,tag:building=yes,5,0.108696
amenity:cafe,token,amenity,60,1.0
amenity:cafe,token,amenity_cafe,60,1.0
amenity:cafe,token,islamabad,60,1.0
amenity:cafe,token,cafe,60,1.0
amenity:cafe,token,cafe_islamabad,60,1.0
amenity:cafe,token,اسلام_آباد,37,0.616667
amenity:cafe,token,اسلام,37,0.616667
amenity:cafe,token,آباد,37,0.616667
amenity:cafe,token,cafe_amenity,18,0.3
amenity:cafe,token,islamabad_اسلام,16,0.266667
amenity:cafe,token,جینز,5,0.083333
amenity:cafe,token,جینز_amenity,5,0.083333
amenity:cafe,token,گلوریا_جینز,5,0.083333
amenity:cafe,token,گلوریا,5,0.083333
amenity:cafe,token,café,4,0.066667
amenity:cafe,token,stall,3,0.05
amenity:cafe,token,south_f-6,3,0.05
amenity:cafe,token,f-6,3,0.05
amenity:cafe,token,west,3,0.05
amenity:cafe,token,f-6_service,3,0.05
amenity:cafe,token,south,3,0.05
amenity:cafe,token,service_west,3,0.05
amenity:cafe,token,islamabad_service,3,0.05
amenity:cafe,token,service_south,3,0.05
amenity:cafe,token,west_f-6,3,0.05
amenity:cafe,token,f-6_اسلام,3,0.05
amenity:cafe,token,service,3,0.05
amenity:cafe,token,café_amenity,3,0.05
amenity:cafe,token,numl,3,0.05
amenity:cafe,token,spot,3,0.05
amenity:cafe,token,school,2,0.033333
amenity:cafe,token,islamabad_johar,2,0.033333
amenity:cafe,token,johar_اسلام,2,0.033333
amenity:cafe,token,johar,2,0.033333
amenity:cafe,token,club,2,0.033333
amenity:cafe,token,market,2,0.033333
amenity:cafe,token,stall_amenity,2,0.033333
amenity:cafe,token,ali_afandi,2,0.033333
amenity:cafe,token,islamabad_hassan,2,0.033333
amenity:cafe,token,ali,2,0.033333
amenity:cafe,tag,tag:amenity=cafe,60,1.0
amenity:cafe,tag,tag:building=yes,10,0.166667
amenity:cafe,tag,tag:shop=coffee,5,0.083333
amenity:hospital,token,amenity,45,1.0
amenity:hospital,token,hospital_islamabad,45,1.0
amenity:hospital,token,islamabad,45,1.0
amenity:hospital,token,hospital,45,1.0
amenity:hospital,token,amenity_hospital,45,1.0
amenity:hospital,token,اسلام_آباد,27,0.6
amenity:hospital,token,اسلام,27,0.6
amenity:hospital,token,آباد,27,0.6
amenity:hospital,token,hospital_amenity,19,0.422222
amenity:hospital,token,international,7,0.155556
amenity:hospital,token,islamabad_اسلام,7,0.155556
amenity:hospital,token,centre,6,0.133333
amenity:hospital,token,medical,5,0.111111
amenity:hospital,token,centre_amenity,5,0.111111
amenity:hospital,token,institute,5,0.111111
amenity:hospital,token,international_hospital,4,0.088889
amenity:hospital,token,islamabad_service,4,0.088889
amenity:hospital,token,service,4,0.088889
amenity:hospital,token,medical_centre,4,0.088889
amenity:hospital,token,health,4,0.088889
amenity:hospital,token,eye_hospital,3,0.066667
amenity:hospital,token,eye,3,0.066667
amenity:hospital,token,clinic,3,0.066667
amenity:hospital,token,national_institute,3,0.066667
amenity:hospital,token,national,3,0.066667
amenity:hospital,token,ہسپتال,3,0.066667
amenity:hospital,token,markaz,2,0.044444
amenity:hospital,token,markaz_amenity,2,0.044444
amenity:hospital,token,service_east,2,0.044444
amenity:hospital,token,east,2,0.044444
amenity:hospital,token,ali,2,0.044444
amenity:hospital,token,kohistan,2,0.044444
amenity:hospital,token,sciences,2,0.044444
amenity:hospital,token,institute_health,2,0.044444
amenity:hospital,token,dental,2,0.044444
amenity:hospital,token,center_amenity,2,0.044444
amenity:hospital,token,center,2,0.044444
amenity:hospital,token,islamabad_jinnah,2,0.044444
amenity:hospital,token,jinnah_اسلام,2,0.044444
amenity:hospital,token,jinnah,2,0.044444
amenity:hospital,tag,tag:amenity=hospital,45,1.0
amenity:hospital,tag,tag:building=yes,1,0.022222
amenity:marketplace,token,marketbazaar_islamabad,25,1.0
amenity:marketplace,token,islamabad,25,1.0
amenity:marketplace,token,marketbazaar,25,1.0
amenity:marketplace,token,market,16,0.64
amenity:marketplace,token,market_marketbazaar,16,0.64
amenity:marketplace,token,اسلام_آباد,9,0.36
amenity:marketplace,token,اسلام,9,0.36
amenity:marketplace,token,آباد,9,0.36
amenity:marketplace,token,plaza_marketbazaar,3,0.12
amenity:marketplace,token,islamabad_jinnah,3,0.12
amenity:marketplace,token,jinnah_اسلام,3,0.12
amenity:marketplace,token,plaza,3,0.12
amenity:marketplace,token,jinnah,3,0.12
amenity:marketplace,token,islamabad_اسلام,2,0.08
amenity:marketplace,token,jahangir,2,0.08
amenity:marketplace,token,jahangir_market,2,0.08
amenity:marketplace,token,abu_huraira,1,0.04
amenity:marketplace,token,abu,1,0.04
amenity:marketplace,token,huraira,1,0.04
amenity:marketplace,token,adnan_market,1,0.04
amenity:marketplace,token,adnan,1,0.04
amenity:marketplace,token,cda,1,0.04
amenity:marketplace,token,darbar,1,0.04
amenity:marketplace,token,faisal,1,0.04
amenity:marketplace,token,11a_اسلام,1,0.04
amenity:marketplace,token,11a,1,0.04
amenity:marketplace,token,islamabad_11a,1,0.04
amenity:marketplace,token,gali_اسلام,1,0.04
amenity:marketplace,token,islamabad_gali,1,0.04
amenity:marketplace,token,gali,1,0.04
amenity:marketplace,token,baba,1,0.04
amenity:marketplace,token,islamabad_rehman,1,0.04
amenity:marketplace,token,rehman,1,0.04
amenity:marketplace,token,rehman_baba,1,0.04
amenity:marketplace,token,baba_اسلام,1,0.04
amenity:marketplace,token,ayub,1,0.04
amenity:marketplace,token,malik,1,0.04
amenity:marketplace,token,store,1,0.04
amenity:marketplace,token,one,1,0.04
amenity:marketplace,token,sitara_market,1,0.04
amenity:marketplace,tag,tag:amenity=marketplace,25,1.0
amenity:marketplace,tag,tag:building=yes,2,0.08
amenity:mosque,token,mosque,136,1.0
amenity:mosque,token,amenity,136,1.0
amenity:mosque,token,islamabad,136,1.0
amenity:mosque,token,amenity_mosque,136,1.0
amenity:mosque,token,mosque_islamabad,136,1.0
amenity:mosque,token,اسلام_آباد,70,0.514706
amenity:mosque,token,اسلام,70,0.514706
amenity:mosque,token,آباد,70,0.514706
amenity:mosque,token,masjid,47,0.345588
amenity:mosque,token,islamabad_اسلام,40,0.294118
amenity:mosque,token,masjid_amenity,16,0.117647
amenity:mosque,token,jamia,16,0.117647
amenity:mosque,token,mosque_amenity,14,0.102941
amenity:mosque,token,مسجد,14,0.102941
amenity:mosque,token,jamia_masjid,12,0.088235
amenity:mosque,token,islamabad_gali,5,0.036765
amenity:mosque,token,gali,5,0.036765
amenity:mosque,token,مسجد_amenity,5,0.036765
amenity:mosque,token,gali_اسلام,4,0.029412
amenity:mosque,token,islamabad_service,4,0.029412
amenity:mosque,token,service,4,0.029412
amenity:mosque,token,islamabad_اسٹریٹ,4,0.029412
amenity:mosque,token,اسٹریٹ,4,0.029412
amenity:mosque,token,اسٹریٹ_اسلام,4,0.029412
amenity:mosque,token,bin,3,0.022059
amenity:mosque,token,ahle,3,0.022059
amenity:mosque,token,service_west,3,0.022059
amenity:mosque,token,west,3,0.022059
amenity:mosque,token,al,3,0.022059
amenity:mosque,token,abu,2,0.014706
amenity:mosque,token,aman_bargah,2,0.014706
amenity:mosque,token,aman,2,0.014706
amenity:mosque,token,bargah,2,0.014706
amenity:mosque,token,ul,2,0.014706
amenity:mosque,token,imam,2,0.014706
amenity:mosque,token,darbar,2,0.014706
amenity:mosque,token,mustafa_amenity,2,0.014706
amenity:mosque,token,mustafa,2,0.014706
amenity:mosque,token,nazim_ud,2,0.014706
amenity:mosque,token,nazim,2,0.014706
amenity:mosque,tag,tag:amenity=place_of_worship,125,0.919118
amenity:mosque,tag,tag:building=yes,35,0.257353
amenity:mosque,tag,tag:building=mosque,24,0.176471
amenity:mosque,tag,tag:building=house,1,0.007353
amenity:restaurant,token,amenity,74,1.0
amenity:restaurant,token,restaurant,74,1.0
amenity:restaurant,token,restaurant_islamabad,74,1.0
amenity:restaurant,token,islamabad,74,1.0
amenity:restaurant,token,amenity_restaurant,74,1.0
amenity:restaurant,token,اسلام_آباد,49,0.662162
amenity:restaurant,token,اسلام,49,0.662162
amenity:restaurant,token,آباد,49,0.662162
amenity:restaurant,token,restaurant_amenity,18,0.243243
amenity:restaurant,token,g-11,17,0.22973
amenity:restaurant,token,g-11_اسلام,17,0.22973
amenity:restaurant,token,sarmast_g-11,14,0.189189
amenity:restaurant,token,sarmast,14,0.189189
amenity:restaurant,token,islamabad_sachal,14,0.189189
amenity:restaurant,token,sachal_sarmast,14,0.189189
amenity:restaurant,token,sachal,14,0.189189
amenity:restaurant,token,islamabad_اسلام,10,0.135135
amenity:restaurant,token,sharif,6,0.081081
amenity:restaurant,token,sharif_اسلام,6,0.081081
amenity:restaurant,token,shabir,6,0.081081
amenity:restaurant,token,shabir_sharif,6,0.081081
amenity:restaurant,token,islamabad_shabir,6,0.081081
amenity:restaurant,token,markaz,5,0.067568
amenity:restaurant,token,cafe,4,0.054054
amenity:restaurant,token,islamabad_service,4,0.054054
amenity:restaurant,token,service,4,0.054054
amenity:restaurant,token,naan,4,0.054054
amenity:restaurant,token,پیزا,4,0.054054
amenity:restaurant,token,grill,3,0.040541
amenity:restaurant,token,grill_amenity,3,0.040541
amenity:restaurant,token,west_g-11,3,0.040541
amenity:restaurant,token,service_west,3,0.040541
amenity:restaurant,token,west,3,0.040541
amenity:restaurant,token,pardes_amenity,3,0.040541
amenity:restaurant,token,pardes,3,0.040541
amenity:restaurant,token,des_pardes,3,0.040541
amenity:restaurant,token,des,3,0.040541
amenity:restaurant,token,markaz_اسلام,3,0.040541
amenity:restaurant,token,new,3,0.040541
amenity:restaurant,token,پیزا_ہٹ,3,0.040541
amenity:restaurant,tag,tag:amenity=restaurant,74,1.0
amenity:restaurant,tag,tag:building=yes,13,0.175676
amenity:restaurant,tag,tag:tourism=hotel,1,0.013514
amenity:restaurant,tag,tag:tourism=viewpoint,1,0.013514
amenity:school,token,amenity,100,1.0
amenity:school,token,school_islamabad,100,1.0
amenity:school,token,islamabad,100,1.0
amenity:school,token,school,100,1.0
amenity:school,token,amenity_school,100,1.0
amenity:school,token,اسلام_آباد,48,0.48
amenity:school,token,اسلام,48,0.48
amenity:school,token,آباد,48,0.48
amenity:school,token,model,32,0.32
amenity:school,token,islamabad_اسلام,31,0.31
amenity:school,token,school_amenity,30,0.3
amenity:school,token,model_school,23,0.23
amenity:school,token,federal,16,0.16
amenity:school,token,government,16,0.16
amenity:school,token,federal_government,16,0.16
amenity:school,token,islamabad_model,16,0.16
amenity:school,token,girls,12,0.12
amenity:school,token,no,10,0.1
amenity:school,token,college,8,0.08
amenity:school,token,boys,7,0.07
amenity:school,token,school_no,7,0.07
amenity:school,token,junior,6,0.06
amenity:school,token,no_amenity,6,0.06
amenity:school,token,islamabad_amenity,5,0.05
amenity:school,token,junior_model,5,0.05
amenity:school,token,government_girls,5,0.05
amenity:school,token,government_junior,5,0.05
amenity:school,token,international,5,0.05
amenity:school,token,model_college,5,0.05
amenity:school,token,islamabad_service,4,0.04
amenity:school,token,service,4,0.04
amenity:school,token,secondary,4,0.04
amenity:school,token,secondary_school,4,0.04
amenity:school,token,no_g-92,4,0.04
amenity:school,token,g-92,4,0.04
amenity:school,token,islamabad_gali,4,0.04
amenity:school,token,gali,4,0.04
amenity:school,token,university,3,0.03
amenity:school,token,foundation,3,0.03
amenity:school,token,foundation_school,3,0.03
amenity:school,tag,tag:amenity=school,100,1.0
amenity:school,tag,tag:building=yes,1,0.01
building:residential,token,residential_islamabad,24,1.0
building:residential,token,islamabad,24,1.0
building:residential,token,building,24,1.0
building:residential,token,residential,24,1.0
building:residential,token,building_residential,24,1.0
building:residential,token,اسلام_آباد,4,0.166667
building:residential,token,اسلام,4,0.166667
building:residential,token,آباد,4,0.166667
building:residential,token,islamabad_akm,2,0.083333
building:residential,token,akm,2,0.083333
building:residential,token,plaza_building,2,0.083333
building:residential,token,haq_اسلام,2,0.083333
building:residential,token,fazul_haq,2,0.083333
building:residential,token,fazul,2,0.083333
building:residential,token,akm_fazul,2,0.083333
building:residential,token,haq,2,0.083333
building:residential,token,plaza,2,0.083333
building:residential,token,parliament_lodges,2,0.083333
building:residential,token,parliament,2,0.083333
building:residential,token,lodges,2,0.083333
building:residential,token,lodges_building,2,0.083333
building:residential,token,khan,1,0.041667
building:residential,token,west,1,0.041667
building:residential,token,west_f5,1,0.041667
building:residential,token,service_west,1,0.041667
building:residential,token,f5_اسلام,1,0.041667
building:residential,token,islamabad_service,1,0.041667
building:residential,token,g5_service,1,0.041667
building:residential,token,west_g5,1,0.041667
building:residential,token,f5,1,0.041667
building:residential,token,g5,1,0.041667
building:residential,token,service,1,0.041667
building:residential,token,house,1,0.041667
building:residential,token,islamabad_jinnah,1,0.041667
building:residential,token,jinnah_اسلام,1,0.041667
building:residential,token,jinnah,1,0.041667
building:residential,tag,tag:building=residential,24,1.0
highway:bus_stop,token,bus_stop,70,1.0
highway:bus_stop,token,stop_islamabad,70,1.0
highway:bus_stop,token,islamabad,70,1.0
highway:bus_stop,token,stop,70,1.0
highway:bus_stop,token,bus,70,1.0
highway:bus_stop,token,station,36,0.514286
highway:bus_stop,token,station_bus,34,0.485714
highway:bus_stop,token,metro,20,0.285714
highway:bus_stop,token,metro_bus,14,0.2
highway:bus_stop,token,terminal,11,0.157143
highway:bus_stop,token,bus_terminal,10,0.142857
highway:bus_stop,token,stop_bus,6,0.085714
highway:bus_stop,token,metro_station,6,0.085714
highway:bus_stop,token,faizabad,5,0.071429
highway:bus_stop,token,bus_station,4,0.057143
highway:bus_stop,token,7th,3,0.042857
highway:bus_stop,token,chaman,3,0.042857
highway:bus_stop,token,wagon,3,0.042857
highway:bus_stop,token,secretariat,3,0.042857
highway:bus_stop,token,parade_ground,3,0.042857
highway:bus_stop,token,ground,3,0.042857
highway:bus_stop,token,parade,3,0.042857
highway:bus_stop,token,stock_exchange,3,0.042857
highway:bus_stop,token,stock,3,0.042857
highway:bus_stop,token,exchange,3,0.042857
highway:bus_stop,token,7th_station,2,0.028571
highway:bus_stop,token,adda,2,0.028571
highway:bus_stop,token,chaman_station,2,0.028571
highway:bus_stop,token,faiz,2,0.028571
highway:bus_stop,token,faiz_station,2,0.028571
highway:bus_stop,token,ahmed_faiz,2,0.028571
highway:bus_stop,token,faiz_ahmed,2,0.028571
highway:bus_stop,token,ahmed,2,0.028571
highway:bus_stop,token,mansehra,2,0.028571
highway:bus_stop,token,faizabad_station,2,0.028571
highway:bus_stop,token,g10_metro,2,0.028571
highway:bus_stop,token,g10,2,0.028571
highway:bus_stop,token,sina,2,0.028571
highway:bus_stop,token,ibne_sina,2,0.028571
highway:bus_stop,token,sina_station,2,0.028571
highway:bus_stop,tag,tag:highway=bus_stop,70,1.0
historic:monument,token,islamabad,10,1.0
historic:monument,token,historic,10,1.0
historic:monument,token,monument_islamabad,10,1.0
historic:monument,token,historic_monument,10,1.0
historic:monument,token,monument,10,1.0
historic:monument,token,monument_historic,3,0.3
historic:monument,token,chowk,1,0.1
historic:monument,token,aabpara,1,0.1
historic:monument,token,federal,1,0.1
historic:monument,token,education,1,0.1
historic:monument,token,iqbal,1,0.1
historic:monument,token,sharif,1,0.1
historic:monument,token,پاکستان,1,0.1
historic:monument,tag,tag:historic=monument,10,1.0
leisure:park,token,leisure_park,58,1.0
leisure:park,token,islamabad,58,1.0
leisure:park,token,park_islamabad,58,1.0
leisure:park,token,park,58,1.0
leisure:park,token,leisure,58,1.0
leisure:park,token,اسلام_آباد,18,0.310345
leisure:park,token,اسلام,18,0.310345
leisure:park,token,آباد,18,0.310345
leisure:park,token,park_leisure,16,0.275862
leisure:park,token,islamabad_اسلام,9,0.155172
leisure:park,token,islamabad_gali,6,0.103448
leisure:park,token,gali_اسلام,6,0.103448
leisure:park,token,gali,6,0.103448
leisure:park,token,cda,2,0.034483
leisure:park,token,public,2,0.034483
leisure:park,token,public_park,2,0.034483
leisure:park,token,children_park,2,0.034483
leisure:park,token,children,2,0.034483
leisure:park,token,باغ_leisure,2,0.034483
leisure:park,token,باغ,2,0.034483
leisure:park,token,فاطمہ_جناح,2,0.034483
leisure:park,token,پارک,2,0.034483
leisure:park,token,جناح,2,0.034483
leisure:park,token,جناح_پارک,2,0.034483
leisure:park,token,فاطمہ,2,0.034483
leisure:park,token,پارک_leisure,2,0.034483
leisure:park,token,monument,1,0.017241
leisure:park,token,rohtas_اسلام,1,0.017241
leisure:park,token,islamabad_rohtas,1,0.017241
leisure:park,token,rohtas,1,0.017241
leisure:park,token,zabeeh_اسلام,1,0.017241
leisure:park,token,ismail,1,0.017241
leisure:park,token,ismail_zabeeh,1,0.017241
leisure:park,token,islamabad_ismail,1,0.017241
leisure:park,token,zabeeh,1,0.017241
leisure:park,token,fg,1,0.017241
leisure:park,token,city,1,0.017241
leisure:park,token,islamabad_nazim,1,0.017241
leisure:park,token,nazim_ud,1,0.017241
leisure:park,token,ud,1,0.017241
leisure:park,tag,tag:leisure=park,58,1.0
leisure:park,tag,"tag:shop=G-10/3, Islamabad",1,0.017241
leisure:park,tag,tag:tourism=attraction,1,0.017241
natural:tree,token,tree,54,1.0
natural:tree,token,natural,54,1.0
natural:tree,token,islamabad,54,1.0
natural:tree,token,tree_islamabad,54,1.0
natural:tree,token,natural_tree,54,1.0
natural:tree,tag,tag:natural=tree,54,1.0
natural:water,token,water,44,1.0
natural:water,token,natural,44,1.0
natural:water,token,natural_water,44,1.0
natural:water,token,islamabad,44,1.0
natural:water,token,water_islamabad,44,1.0
natural:water,tag,tag:natural=water,44,1.0
place:locality,token,islamabad,6,1.0
place:locality,token,place_locality,6,1.0
place:locality,token,place,6,1.0
place:locality,token,locality_islamabad,6,1.0
place:locality,token,locality,6,1.0
place:locality,tag,tag:place=locality,6,1.0
shop:bakery,token,bakery,36,1.0
shop:bakery,token,islamabad,36,1.0
shop:bakery,token,bakery_islamabad,36,1.0
shop:bakery,token,shop,36,1.0
shop:bakery,token,shop_bakery,36,1.0
shop:bakery,token,اسلام_آباد,23,0.638889
shop:bakery,token,اسلام,23,0.638889
shop:bakery,token,آباد,23,0.638889
shop:bakery,token,bakers,17,0.472222
shop:bakery,token,bakers_shop,13,0.361111
shop:bakery,token,tehzeeb_bakers,6,0.166667
shop:bakery,token,tehzeeb,6,0.166667
shop:bakery,token,islamabad_اسلام,5,0.138889
shop:bakery,token,sweets,4,0.111111
shop:bakery,token,bakery_shop,4,0.111111
shop:bakery,token,rahat,4,0.111111
shop:bakery,token,sweets_shop,3,0.083333
shop:bakery,token,markaz,3,0.083333
shop:bakery,token,rahat_bakers,3,0.083333
shop:bakery,token,bake,2,0.055556
shop:bakery,token,jinnah,2,0.055556
shop:bakery,token,college_اسلام,2,0.055556
shop:bakery,token,gourmet,2,0.055556
shop:bakery,token,islamabad_college,2,0.055556
shop:bakery,token,college,2,0.055556
shop:bakery,token,javed_sweet,2,0.055556
shop:bakery,token,sweet_bakers,2,0.055556
shop:bakery,token,sweet,2,0.055556
shop:bakery,token,javed,2,0.055556
shop:bakery,token,i-8_markaz,2,0.055556
shop:bakery,token,i-8,2,0.055556
shop:bakery,token,islamabad_i-8,2,0.055556
shop:bakery,token,islamabad_mangla,2,0.055556
shop:bakery,token,mangla,2,0.055556
shop:bakery,token,mangla_اسلام,2,0.055556
shop:bakery,token,g-11,2,0.055556
shop:bakery,token,sarmast,2,0.055556
shop:bakery,token,islamabad_sachal,2,0.055556
shop:bakery,token,sachal_sarmast,2,0.055556
shop:bakery,token,sachal,2,0.055556
shop:bakery,tag,tag:shop=bakery,36,1.0
shop:clothes,token,islamabad,39,1.0
shop:clothes,token,shop,39,1.0
shop:clothes,token,clothes_islamabad,39,1.0
shop:clothes,token,clothes,39,1.0
shop:clothes,token,shop_clothes,39,1.0
shop:clothes,token,اسلام_آباد,20,0.512821
shop:clothes,token,اسلام,20,0.512821
shop:clothes,token,آباد,20,0.512821
shop:clothes,token,college,5,0.128205
shop:clothes,token,islamabad_college,5,0.128205
shop:clothes,token,bhitai,4,0.102564
shop:clothes,token,islamabad_bhitai,4,0.102564
shop:clothes,token,bhitai_اسلام,4,0.102564
shop:clothes,token,college_اسلام,4,0.102564
shop:clothes,token,cloth,3,0.076923
shop:clothes,token,outlet,3,0.076923
shop:clothes,token,fabrics_shop,2,0.051282
shop:clothes,token,fabrics,2,0.051282
shop:clothes,token,g-11_اسلام,2,0.051282
shop:clothes,token,sarmast_g-11,2,0.051282
shop:clothes,token,sarmast,2,0.051282
shop:clothes,token,g-11,2,0.051282
shop:clothes,token,islamabad_sachal,2,0.051282
shop:clothes,token,sachal_sarmast,2,0.051282
shop:clothes,token,sachal,2,0.051282
shop:clothes,token,islamabad_shop,2,0.051282
shop:clothes,token,garments,2,0.051282
shop:clothes,token,garments_shop,2,0.051282
shop:clothes,token,cloth_house,2,0.051282
shop:clothes,token,house_shop,2,0.051282
shop:clothes,token,house,2,0.051282
shop:clothes,token,ideas_shop,2,0.051282
shop:clothes,token,islamabad_اسلام,2,0.051282
shop:clothes,token,ideas,2,0.051282
shop:clothes,token,junaid,2,0.051282
shop:clothes,token,clothing,2,0.051282
shop:clothes,token,10th,2,0.051282
shop:clothes,token,islamabad_10th,2,0.051282
shop:clothes,token,10th_اسلام,2,0.051282
shop:clothes,token,levi,2,0.051282
shop:clothes,tag,tag:shop=clothes,39,1.0
shop:supermarket,token,islamabad,42,1.0
shop:supermarket,token,shop,42,1.0
shop:supermarket,token,supermarket,42,1.0
shop:supermarket,token,shop_supermarket,42,1.0
shop:supermarket,token,supermarket_islamabad,42,1.0
shop:supermarket,token,market_shop,11,0.261905
shop:supermarket,token,market,11,0.261905
shop:supermarket,token,اسلام_آباد,11,0.261905
shop:supermarket,token,اسلام,11,0.261905
shop:supermarket,token,آباد,11,0.261905
shop:supermarket,token,store,6,0.142857
shop:supermarket,token,store_shop,6,0.142857
shop:supermarket,token,carry,4,0.095238
shop:supermarket,token,cash_carry,4,0.095238
shop:supermarket,token,cash,4,0.095238
shop:supermarket,token,utility,4,0.095238
shop:supermarket,token,carry_shop,3,0.071429
shop:supermarket,token,islamabad_اسلام,3,0.071429
shop:supermarket,token,utility_store,3,0.071429
shop:supermarket,token,city,2,0.047619
shop:supermarket,token,super,2,0.047619
shop:supermarket,token,islamabad_gali,2,0.047619
shop:supermarket,token,gali,2,0.047619
shop:supermarket,token,mart,2,0.047619
shop:supermarket,token,mart_shop,2,0.047619
shop:supermarket,token,islamabad_اسٹریٹ,2,0.047619
shop:supermarket,token,مارکیٹ_shop,2,0.047619
shop:supermarket,token,مارکیٹ,2,0.047619
shop:supermarket,token,اسٹریٹ,2,0.047619
shop:supermarket,token,اسٹریٹ_اسلام,2,0.047619
shop:supermarket,token,شہزاد_ٹاؤن,2,0.047619
shop:supermarket,token,شہزاد,2,0.047619
shop:supermarket,token,ٹاؤن,2,0.047619
shop:supermarket,token,islamabad_muncipal,1,0.02381
shop:supermarket,token,muncipal,1,0.02381
shop:supermarket,token,aabpara,1,0.02381
shop:supermarket,token,adnan_market,1,0.02381
shop:supermarket,token,adnan,1,0.02381
shop:supermarket,token,islamabad_shaheed-e-millat,1,0.02381
shop:supermarket,token,shaheed-e-millat,1,0.02381
shop:supermarket,tag,tag:shop=supermarket,42,1.0
shop:supermarket,tag,tag:building=yes,4,0.095238
shop:supermarket,tag,tag:amenity=fast_food,1,0.02381
tourism:hotel,token,hotel_islamabad,57,1.0
tourism:hotel,token,hotel,57,1.0
tourism:hotel,token,islamabad,57,1.0
tourism:hotel,token,tourism,57,1.0
tourism:hotel,token,tourism_hotel,57,1.0
tourism:hotel,token,اسلام_آباد,41,0.719298
tourism:hotel,token,اسلام,41,0.719298
tourism:hotel,token,آباد,41,0.719298
tourism:hotel,token,hotel_tourism,23,0.403509
tourism:hotel,token,islamabad_اسلام,15,0.263158
tourism:hotel,token,islamabad_service,10,0.175439
tourism:hotel,token,service_west,10,0.175439
tourism:hotel,token,west,10,0.175439
tourism:hotel,token,service,10,0.175439
tourism:hotel,token,راولپنڈی,6,0.105263
tourism:hotel,token,islamabad_murree,4,0.070175
tourism:hotel,token,murree,4,0.070175
tourism:hotel,token,inn,4,0.070175
tourism:hotel,token,inn_tourism,4,0.070175
tourism:hotel,token,f-6,4,0.070175
tourism:hotel,token,west_f-6,4,0.070175
tourism:hotel,token,f-6_اسلام,4,0.070175
tourism:hotel,token,al,3,0.052632
tourism:hotel,token,g-11_اسلام,3,0.052632
tourism:hotel,token,west_g-11,3,0.052632
tourism:hotel,token,g-11,3,0.052632
tourism:hotel,token,bismillah,3,0.052632
tourism:hotel,token,house_tourism,3,0.052632
tourism:hotel,token,house,3,0.052632
tourism:hotel,token,city,3,0.052632
tourism:hotel,token,murree_راولپنڈی,3,0.052632
tourism:hotel,token,islamabad_mangla,3,0.052632
tourism:hotel,token,mangla,3,0.052632
tourism:hotel,token,mangla_اسلام,3,0.052632
tourism:hotel,token,khan,3,0.052632
tourism:hotel,token,hotel_one,3,0.052632
tourism:hotel,token,one,3,0.052632
tourism:hotel,token,serena,3,0.052632
tourism:hotel,token,serena_hotel,3,0.052632
tourism:hotel,token,skyways,2,0.035088
tourism:hotel,tag,tag:tourism=hotel,57,1.0
tourism:hotel,tag,tag:building=yes,5,0.087719
tourism:hotel,tag,tag:building=no,1,0.017544
