text,label,label_id
"Al Baraka — amenity:bank in Islamabad, Jinnah Avenue, اسلام آباد",amenity:bank,0
"AlBaraka bank Pakistan — amenity:bank in Islamabad, Jinnah Avenue, اسلام آباد",amenity:bank,0
"Allied Bank Limitted G-8/1, Islamabad — amenity:bank in Islamabad, Street 12, اسلام آباد",amenity:bank,0
Askari Bank — amenity:bank in Islamabad,amenity:bank,0
"Bank Al-Habib — amenity:bank in Islamabad, Kurram Road, اسلام آباد",amenity:bank,0
City Bank — amenity:bank in Islamabad,amenity:bank,0
"HBL Bank — amenity:bank in Islamabad, Tipu Sultan Road, اسلام آباد",amenity:bank,0
HSBC — amenity:bank in Islamabad,amenity:bank,0
"MCB — amenity:bank in Islamabad, I-8 Markaz, Islamabad, 44000",amenity:bank,0
Muslim Commercial Bank — amenity:bank in Islamabad,amenity:bank,0
"Muslim Commercial Bank — amenity:bank in Islamabad, Jinnah Avenue, اسلام آباد",amenity:bank,0
"National Bank - NBP — amenity:bank in Islamabad, Kurram Road, اسلام آباد",amenity:bank,0
"Punjab Bank — amenity:bank in Islamabad, Kurram Road, اسلام آباد",amenity:bank,0
"Saudi Pak Commercial Bank — amenity:bank in Islamabad, Hilal Road, اسلام آباد",amenity:bank,0
Silk Bank — amenity:bank in Islamabad,amenity:bank,0
"State Bank Of Pakistan — amenity:bank in Islamabad, Service Road West G5;Service Road West F5, اسلام آباد",amenity:bank,0
The Bank of Khyber — amenity:bank in Islamabad,amenity:bank,0
"The World Bank Pakistan — amenity:bank in Islamabad, Service Road West G5;Service Road West F5, اسلام آباد",amenity:bank,0
UBL Limited — amenity:bank in Islamabad,amenity:bank,0
"United Bank Ltd — amenity:bank in Islamabad, Street 54, اسلام آباد",amenity:bank,0
"اسٹینڈرڈ چارٹرڈ — amenity:bank in Islamabad, Hilal Road, اسلام آباد",amenity:bank,0
اسٹینڈرڈ چارٹرڈ — amenity:bank in Islamabad,amenity:bank,0
"اسٹینڈرڈ چارٹرڈ — amenity:bank in Islamabad, F8 markaz, اسلام آباد",amenity:bank,0
"اسٹینڈرڈ چارٹرڈ — amenity:bank in Islamabad, Jinnah Avenue, اسلام آباد",amenity:bank,0
"اسٹینڈرڈ چارٹرڈ — amenity:bank in Islamabad, Bhitai Road, اسلام آباد",amenity:bank,0
"اسٹینڈرڈ چارٹرڈ — amenity:bank in Islamabad, Road No 1, اسلام آباد",amenity:bank,0
"الائیڈ بینک — amenity:bank in Islamabad, F7 markaz, اسلام آباد",amenity:bank,0
"الائیڈ بینک لمیٹڈ — amenity:bank in Islamabad, Street 65, اسلام آباد",amenity:bank,0
"الائیڈ بینک لمیٹڈ — amenity:bank in Islamabad, Jinnah Avenue, اسلام آباد",amenity:bank,0
الائیڈ بینک لمیٹڈ — amenity:bank in Islamabad,amenity:bank,0
"ایم سی بی بینک — amenity:bank in Islamabad, School Road, اسلام آباد",amenity:bank,0
"ایچ بی ایل پاکستان — amenity:bank in Islamabad, Shaheed-e-Millat Road, اسلام آباد",amenity:bank,0
ایچ بی ایل پاکستان — amenity:bank in Islamabad,amenity:bank,0
"عسکری بینک — amenity:bank in Islamabad, اسلام آباد",amenity:bank,0
عسکری بینک — amenity:bank in Islamabad,amenity:bank,0
عسکری بینک — amenity:bank in Islamabad,amenity:bank,0
"عسکری بینک — amenity:bank in Islamabad, Street 65, اسلام آباد",amenity:bank,0
"عسکری بینک — amenity:bank in Islamabad, اسلام آباد",amenity:bank,0
"فیصل بینک — amenity:bank in Islamabad, Jinnah Avenue, اسلام آباد",amenity:bank,0
"میزان بینک — amenity:bank in Islamabad, Kurram Road, اسلام آباد",amenity:bank,0
"میزان بینک — amenity:bank in Islamabad, School Road, اسلام آباد",amenity:bank,0
"نیشنل بینک آف پاکستان — amenity:bank in Islamabad, Jinnah Avenue, اسلام آباد",amenity:bank,0
"نیشنل بینک آف پاکستان — amenity:bank in Islamabad, Street 92, اسلام آباد",amenity:bank,0
"یونائیٹڈ بینک لمیٹڈ — amenity:bank in Islamabad, College Road, اسلام آباد",amenity:bank,0
"یونائیٹڈ بینک لمیٹڈ — amenity:bank in Islamabad, School Road, اسلام آباد",amenity:bank,0
amenity:bank in Islamabad,amenity:bank,0
Beverage stall Trail 5 — amenity:cafe in Islamabad,amenity:cafe,1
"Bilal Cafe — amenity:cafe in Islamabad, Ravi Road, اسلام آباد",amenity:cafe,1
"Burning Brownie — amenity:cafe in Islamabad, Service Road South F-6;Service Road West F-6, اسلام آباد",amenity:cafe,1
"Cafe Behbud — amenity:cafe in Islamabad, School Road, اسلام آباد",amenity:cafe,1
"Cafe Paprika — amenity:cafe in Islamabad, Street 54, اسلام آباد",amenity:cafe,1
"Cafe101 — amenity:cafe in Islamabad, Johar Road, اسلام آباد",amenity:cafe,1
"Cafeteria — amenity:cafe in Islamabad, Constitution Avenue, اسلام آباد",amenity:cafe,1
"Café Burn out — amenity:cafe in Islamabad, College Road, اسلام آباد",amenity:cafe,1
"Cannoli by Cafe Soul — amenity:cafe in Islamabad, Service Road South F-6;Service Road West F-6, اسلام آباد",amenity:cafe,1
"Capital Cafe — amenity:cafe in Islamabad, Street 30, اسلام آباد",amenity:cafe,1
"DSG Mess — amenity:cafe in Islamabad, Iqbal Road, اسلام آباد",amenity:cafe,1
"Executive Club Gym n Café — amenity:cafe in Islamabad, street 40, sagheer market",amenity:cafe,1
"FUUAST Cafe — amenity:cafe in Islamabad, Street 30, اسلام آباد",amenity:cafe,1
"Fresh Juice Stall — amenity:cafe in Islamabad, Chaman Road, اسلام آباد",amenity:cafe,1
"Habibi Resturant — amenity:cafe in Islamabad, F-8 Markaz, اسلام آباد",amenity:cafe,1
"Howdy — amenity:cafe in Islamabad, Street 3, اسلام آباد",amenity:cafe,1
IU cafe — amenity:cafe in Islamabad,amenity:cafe,1
"Incantare Coffee Cafe — amenity:cafe in Islamabad, 10th Avenue, اسلام آباد",amenity:cafe,1
"Kafe kaam — amenity:cafe in Islamabad, Johar Road, اسلام آباد",amenity:cafe,1
"MYU Cafe — amenity:cafe in Islamabad, Street 40, اسلام آباد, 44000",amenity:cafe,1
"Manolo Gelato Cafe — amenity:cafe in Islamabad, Hassan Ali Afandi Road, اسلام آباد",amenity:cafe,1
"Milkshake Place — amenity:cafe in Islamabad, Jinnah Avenue, اسلام آباد",amenity:cafe,1
Mocca — amenity:cafe in Islamabad,amenity:cafe,1
Monal restaurant — amenity:cafe in Islamabad,amenity:cafe,1
Numl Main Cafe — amenity:cafe in Islamabad,amenity:cafe,1
Numl Second Cafe — amenity:cafe in Islamabad,amenity:cafe,1
Numl old cafe — amenity:cafe in Islamabad,amenity:cafe,1
"Old School Cafe — amenity:cafe in Islamabad, Service Road South F-6;Service Road West F-6, اسلام آباد",amenity:cafe,1
"Pops Café — amenity:cafe in Islamabad, Street 6, اسلام آباد",amenity:cafe,1
"Quetta cafe — amenity:cafe in Islamabad, Street 55, اسلام آباد",amenity:cafe,1
"Razzmatazz — amenity:cafe in Islamabad, Street 11A, اسلام آباد",amenity:cafe,1
Refreshment cafe — amenity:cafe in Islamabad,amenity:cafe,1
"Sadiq's Cafe — amenity:cafe in Islamabad, Street 22, اسلام آباد",amenity:cafe,1
Sailing club — amenity:cafe in Islamabad,amenity:cafe,1
"Shamim-E-Dahan — amenity:cafe in Islamabad, Street 55, اسلام آباد",amenity:cafe,1
"Sitar Buksh — amenity:cafe in Islamabad, Street 4, اسلام آباد",amenity:cafe,1
"Social Cafe — amenity:cafe in Islamabad, Street 48, اسلام آباد",amenity:cafe,1
"Street 1 Café — amenity:cafe in Islamabad, Road No 1, اسلام آباد",amenity:cafe,1
"Street 1 cafe — amenity:cafe in Islamabad, Kohsar market, F6, Islamabad",amenity:cafe,1
"Sufi Sarai — amenity:cafe in Islamabad, Street 32, اسلام آباد",amenity:cafe,1
Table Talk — amenity:cafe in Islamabad,amenity:cafe,1
The Alley — amenity:cafe in Islamabad,amenity:cafe,1
"The Candy Coach — amenity:cafe in Islamabad, Sumbal Road, اسلام آباد",amenity:cafe,1
The Gelato Affair — amenity:cafe in Islamabad,amenity:cafe,1
"The Hot Spot — amenity:cafe in Islamabad, Street 3, اسلام آباد",amenity:cafe,1
The Hot Spot Cafe — amenity:cafe in Islamabad,amenity:cafe,1
"The Nutella Spot — amenity:cafe in Islamabad, Hilal Road, Liberty Square Plaza, اسلام آباد",amenity:cafe,1
"Yum Chinese & Thai — amenity:cafe in Islamabad, Street 16, اسلام آباد",amenity:cafe,1
khan cafe — amenity:cafe in Islamabad,amenity:cafe,1
takar tea stall — amenity:cafe in Islamabad,amenity:cafe,1
"سبحان اللہ ہوٹل — amenity:cafe in Islamabad, سروس روڈ ویسٹ جی-11, اسلام آباد",amenity:cafe,1
کیفے — amenity:cafe in Islamabad,amenity:cafe,1
گلوریا جینز — amenity:cafe in Islamabad,amenity:cafe,1
"گلوریا جینز — amenity:cafe in Islamabad, Hassan Ali Afandi Road, اسلام آباد",amenity:cafe,1
"گلوریا جینز — amenity:cafe in Islamabad, Street 6, اسلام آباد",amenity:cafe,1
"گلوریا جینز — amenity:cafe in Islamabad, اسلام آباد",amenity:cafe,1
گلوریا جینز — amenity:cafe in Islamabad,amenity:cafe,1
amenity:cafe in Islamabad,amenity:cafe,1
amenity:cafe in Islamabad,amenity:cafe,1
amenity:cafe in Islamabad,amenity:cafe,1
Abid Hospital — amenity:hospital in Islamabad,amenity:hospital,2
"Advanced International Hospital G-8 Markaz — amenity:hospital in Islamabad, G-8 Markaz",amenity:hospital,2
"Al Ain International Specialist Eye Hospital — amenity:hospital in Islamabad, Service Road East G-10, اسلام آباد",amenity:hospital,2
Ali Hospital — amenity:hospital in Islamabad,amenity:hospital,2
"Ali Medical Centre — amenity:hospital in Islamabad, Kohistan Road, اسلام آباد",amenity:hospital,2
Amanat Eye hospital — amenity:hospital in Islamabad,amenity:hospital,2
"Beewell Hospital — amenity:hospital in Islamabad, AKM Fazul Haq Road, اسلام آباد",amenity:hospital,2
"Bilquis Memorial Hospital — amenity:hospital in Islamabad, Local path, اسلام آباد",amenity:hospital,2
"CDA Hospital — amenity:hospital in Islamabad, Street 18, اسلام آباد",amenity:hospital,2
Capital Institute of Health Sciences (CIHS) — amenity:hospital in Islamabad,amenity:hospital,2
"Chohan Eye Hospital — amenity:hospital in Islamabad, Street 63, اسلام آباد",amenity:hospital,2
FM Dental Clinic — amenity:hospital in Islamabad,amenity:hospital,2
"Federal Government Dispensary(FGD)- P Block — amenity:hospital in Islamabad, Secretariat Road, اسلام آباد",amenity:hospital,2
Golra Hospital — amenity:hospital in Islamabad,amenity:hospital,2
"IHS - Hospital for Children — amenity:hospital in Islamabad, Street 30, اسلام آباد",amenity:hospital,2
IIUI MEDICAL CENTRE — amenity:hospital in Islamabad,amenity:hospital,2
International Islamic Medical Centre — amenity:hospital in Islamabad,amenity:hospital,2
Islamabad Diagnostics Center — amenity:hospital in Islamabad,amenity:hospital,2
"Islamabad International َDental Hospital and College — amenity:hospital in Islamabad, Service Road East G-7, اسلام آباد",amenity:hospital,2
"Islamabad Private Hospital — amenity:hospital in Islamabad, Jinnah Avenue, اسلام آباد",amenity:hospital,2
"Islamabad Specialists Clinic F-8 Markaz — amenity:hospital in Islamabad, 13-A Kohistan Road, Kiran Plaza, F-8 Markaz, Islamabad",amenity:hospital,2
"K R L General Hospital — amenity:hospital in Islamabad, Service Road South G9, اسلام آباد",amenity:hospital,2
"Kulsum International Hospital — amenity:hospital in Islamabad, Service Road West F-6, اسلام آباد",amenity:hospital,2
"Latif Health Centre — amenity:hospital in Islamabad, اسلام آباد",amenity:hospital,2
"Life Care international Hospital — amenity:hospital in Islamabad, Sawan Road, اسلام آباد",amenity:hospital,2
"MEDICSi — amenity:hospital in Islamabad, Jinnah Avenue, اسلام آباد",amenity:hospital,2
"Maryam Hospital and Diagnostic Center — amenity:hospital in Islamabad, Shabir Sharif Road, اسلام آباد",amenity:hospital,2
Max Health Hospital — amenity:hospital in Islamabad,amenity:hospital,2
NIH — amenity:hospital in Islamabad,amenity:hospital,2
"National Institute for Handicapped — amenity:hospital in Islamabad, Street 9, اسلام آباد",amenity:hospital,2
National Institute of Health — amenity:hospital in Islamabad,amenity:hospital,2
"National Institute of Rehabilitation Medicine — amenity:hospital in Islamabad, Street 9, اسلام آباد",amenity:hospital,2
"OGDCL Medical Centre — amenity:hospital in Islamabad, Park Road, اسلام آباد",amenity:hospital,2
"PAF Hospital — amenity:hospital in Islamabad, Rashid Minhas Boulevard, اسلام آباد",amenity:hospital,2
"PAF Hospital, Unit 2 Parking — amenity:hospital in Islamabad, Main Margalla Road, E-9/1, Islamabad",amenity:hospital,2
"PNS Hafeez - Naval Hospital — amenity:hospital in Islamabad, Lalak Jan Road, اسلام آباد",amenity:hospital,2
"Pakistan Institute for Medical Sciences (PIMS) — amenity:hospital in Islamabad, Ibn-e-Sina Road, اسلام آباد",amenity:hospital,2
Poly Clinic Hospital — amenity:hospital in Islamabad,amenity:hospital,2
"Shifa International Hospital — amenity:hospital in Islamabad, Pitras Bukhari Road, اسلام آباد",amenity:hospital,2
"Surgical Centre Islamabad — amenity:hospital in Islamabad, Street 22, Block 1, اسلام آباد, 44220",amenity:hospital,2
Testing Hospital Ismail — amenity:hospital in Islamabad,amenity:hospital,2
noor generar hospital — amenity:hospital in Islamabad,amenity:hospital,2
"نوری ہسپتال — amenity:hospital in Islamabad, حنا روڈ, اسلام آباد",amenity:hospital,2
"نوری ہسپتال اسلام آباد — amenity:hospital in Islamabad, حنا روڈ, اسلام آباد",amenity:hospital,2
"ویل میڈ ہسپتال — amenity:hospital in Islamabad, اسٹریٹ 8, اسلام آباد, 44000",amenity:hospital,2
Abu Huraira Market — market/bazaar in Islamabad,amenity:marketplace,3
Adnan Market — market/bazaar in Islamabad,amenity:marketplace,3
"Ayesha Plaza — market/bazaar in Islamabad, Jinnah Avenue, اسلام آباد",amenity:marketplace,3
"CDA Market — market/bazaar in Islamabad, Street 27, اسلام آباد",amenity:marketplace,3
Darbar Market — market/bazaar in Islamabad,amenity:marketplace,3
Faisal Market — market/bazaar in Islamabad,amenity:marketplace,3
"Ghausia Plaza — market/bazaar in Islamabad, Jinnah Avenue, اسلام آباد",amenity:marketplace,3
Gool Market — market/bazaar in Islamabad,amenity:marketplace,3
"Idrees Market — market/bazaar in Islamabad, Street 11A, اسلام آباد",amenity:marketplace,3
"Irum Market — market/bazaar in Islamabad, Street 30, اسلام آباد",amenity:marketplace,3
Jahangir Market — market/bazaar in Islamabad,amenity:marketplace,3
"Jahangir Market — market/bazaar in Islamabad, Gali 3, اسلام آباد",amenity:marketplace,3
"Libra market — market/bazaar in Islamabad, Rehman Baba Road, اسلام آباد",amenity:marketplace,3
Malik Ayub Market — market/bazaar in Islamabad,amenity:marketplace,3
Melody Market — market/bazaar in Islamabad,amenity:marketplace,3
One Dollar Store — market/bazaar in Islamabad,amenity:marketplace,3
Raftar Goods Forwarding Agency — market/bazaar in Islamabad,amenity:marketplace,3
Sitara Market — market/bazaar in Islamabad,amenity:marketplace,3
Sunday Bazaar — market/bazaar in Islamabad,amenity:marketplace,3
Tuck Shop — market/bazaar in Islamabad,amenity:marketplace,3
"Waheed Plaza — market/bazaar in Islamabad, Jinnah Avenue, اسلام آباد",amenity:marketplace,3
"Weekly Market — market/bazaar in Islamabad, Muncipal Road, اسلام آباد",amenity:marketplace,3
WholeSale Market — market/bazaar in Islamabad,amenity:marketplace,3
اتوار بازار — market/bazaar in Islamabad,amenity:marketplace,3
market/bazaar in Islamabad,amenity:marketplace,3
Abdullah bin Masood Masjid — amenity:mosque in Islamabad,amenity:mosque,4
Abu Huraira Mosque — amenity:mosque in Islamabad,amenity:mosque,4
Admin Mosque — amenity:mosque in Islamabad,amenity:mosque,4
"Al-Fateh mosque — amenity:mosque in Islamabad, Street 3, اسلام آباد",amenity:mosque,4
"Al-huda Mosque — amenity:mosque in Islamabad, Street 39, اسلام آباد",amenity:mosque,4
Ali Hajveri Mosque — amenity:mosque in Islamabad,amenity:mosque,4
Aman Bargah — amenity:mosque in Islamabad,amenity:mosque,4
"Aman Bargah Mosque — amenity:mosque in Islamabad, Aman Bargah, اسلام آباد",amenity:mosque,4
"Ashra Mubashra Masjid — amenity:mosque in Islamabad, Street 8, اسلام آباد",amenity:mosque,4
Bab ul ilm Masjid — amenity:mosque in Islamabad,amenity:mosque,4
"Bari Imam Darbar — amenity:mosque in Islamabad, Nurpur Road",amenity:mosque,4
Darbar Mosque — amenity:mosque in Islamabad,amenity:mosque,4
"F-10 Markaz Masjid — amenity:mosque in Islamabad, 10th Avenue, اسلام آباد",amenity:mosque,4
"Farooq-e-Azam Masjid — amenity:mosque in Islamabad, Street 73, اسلام آباد",amenity:mosque,4
"Ghafooria Masjid — amenity:mosque in Islamabad, Street 78",amenity:mosque,4
Gulshan e Mustafa — amenity:mosque in Islamabad,amenity:mosque,4
"Ibn Taymiyyah Mosque — amenity:mosque in Islamabad, Street 19, اسلام آباد",amenity:mosque,4
"Jam-e-masjid Chishtia — amenity:mosque in Islamabad, Street 56, اسلام آباد",amenity:mosque,4
"Jama Masjid-e-Murtaza — amenity:mosque in Islamabad, Street 33, اسلام آباد",amenity:mosque,4
"Jama-e-Masjid Mustafa — amenity:mosque in Islamabad, Street 43, اسلام آباد",amenity:mosque,4
"Jamia Bahar-e-Madina — amenity:mosque in Islamabad, Gali 70, اسلام آباد",amenity:mosque,4
"Jamia Masjid Al-Furqan Ahle Hadith — amenity:mosque in Islamabad, Street 54, اسلام آباد",amenity:mosque,4
"Jamia Masjid Al-Muzammil — amenity:mosque in Islamabad, Street 100, اسلام آباد",amenity:mosque,4
"Jamia Masjid Al-Rehman G-9/2 — amenity:mosque in Islamabad, Street 16, اسلام آباد",amenity:mosque,4
"Jamia Masjid Anwar-ul-khair — amenity:mosque in Islamabad, Street 43, اسلام آباد",amenity:mosque,4
"Jamia Masjid As-Siddiq — amenity:mosque in Islamabad, Street 27, اسلام آباد",amenity:mosque,4
"Jamia Masjid Imam e Azam — amenity:mosque in Islamabad, Gali 22E, اسلام آباد",amenity:mosque,4
Jamia Masjid Muhammadi Hanfia — amenity:mosque in Islamabad,amenity:mosque,4
"Jamia Masjid Qutab Shaheed — amenity:mosque in Islamabad, Street 63, اسلام آباد",amenity:mosque,4
"Jamia Masjid Rahmatulil Alameen — amenity:mosque in Islamabad, Nazim ud Din Road, اسلام آباد",amenity:mosque,4
"Jamia Masjid Riyadh ul Jannah — amenity:mosque in Islamabad, Service Road West G-9, اسلام آباد",amenity:mosque,4
"Jamia Masjid al-Hujjat — amenity:mosque in Islamabad, Nazim ud Din Road, اسلام آباد",amenity:mosque,4
"Jamia Msjid Al Raza — amenity:mosque in Islamabad, Rehman Baba Road, اسلام آباد",amenity:mosque,4
"Jamia Naeemia Masjid — amenity:mosque in Islamabad, Neelum Road, اسلام آباد",amenity:mosque,4
"Jamia Tul Murtaza — amenity:mosque in Islamabad, Street 55, اسلام آباد",amenity:mosque,4
Jamia masjid Mai reshman — amenity:mosque in Islamabad,amenity:mosque,4
"Jammia Masjid Muhammadiya (Ahle Hadees) — amenity:mosque in Islamabad, Street 36, اسلام آباد",amenity:mosque,4
"Jilania Masjid — amenity:mosque in Islamabad, Gali 75, اسلام آباد",amenity:mosque,4
"Karimabad Jamat Khana — amenity:mosque in Islamabad, Street 53, اسلام آباد",amenity:mosque,4
"Khan Market Masjid — amenity:mosque in Islamabad, Street 69, اسلام آباد",amenity:mosque,4
Khulfa Rashideen — amenity:mosque in Islamabad,amenity:mosque,4
"Lal Masjid — amenity:mosque in Islamabad, Masjid Road, اسلام آباد",amenity:mosque,4
Maaz Bin Jabal Mosque — amenity:mosque in Islamabad,amenity:mosque,4
Madni Masjid — amenity:mosque in Islamabad,amenity:mosque,4
"Makki Masjid — amenity:mosque in Islamabad, Street 54, اسلام آباد",amenity:mosque,4
Masjid — amenity:mosque in Islamabad,amenity:mosque,4
"Masjid Abu zar Ghafari (R.A) — amenity:mosque in Islamabad, Gali 39, اسلام آباد",amenity:mosque,4
"Masjid Al Huda — amenity:mosque in Islamabad, College Road, اسلام آباد",amenity:mosque,4
"Masjid Al Qasim — amenity:mosque in Islamabad, Street 14, اسلام آباد",amenity:mosque,4
"Masjid Alfurqan — amenity:mosque in Islamabad, Street 11, اسلام آباد",amenity:mosque,4
"Masjid And Madrassa Usmania — amenity:mosque in Islamabad, Street 77, اسلام آباد",amenity:mosque,4
"Masjid Anwar e Madina — amenity:mosque in Islamabad, Street 13, اسلام آباد",amenity:mosque,4
"Masjid Ayub Ansari — amenity:mosque in Islamabad, Street 14, اسلام آباد",amenity:mosque,4
"Masjid F-7/1 — amenity:mosque in Islamabad, Street 38, اسلام آباد",amenity:mosque,4
"Masjid Faizan Madina — amenity:mosque in Islamabad, Shabir Sharif Road, اسلام آباد",amenity:mosque,4
Masjid Hudabiya — amenity:mosque in Islamabad,amenity:mosque,4
Masjid Kausar — amenity:mosque in Islamabad,amenity:mosque,4
"Masjid Minar-ul-huda (Ahle Hadees) — amenity:mosque in Islamabad, Street 100, اسلام آباد",amenity:mosque,4
"Masjid Rahmatulil Aalameen — amenity:mosque in Islamabad, Street 35, اسلام آباد",amenity:mosque,4
Masjid Syedna Hasan — amenity:mosque in Islamabad,amenity:mosque,4
"Masjid Tooba — amenity:mosque in Islamabad, Gali 38, اسلام آباد",amenity:mosque,4
Masjid e Aqsa — amenity:mosque in Islamabad,amenity:mosque,4
"Masjid e Mairaj — amenity:mosque in Islamabad, Street 78, اسلام آباد",amenity:mosque,4
"Masjid e Usman — amenity:mosque in Islamabad, Street 92, اسلام آباد",amenity:mosque,4
Masjid-e-Qubah — amenity:mosque in Islamabad,amenity:mosque,4
"Mosque Bait us salam — amenity:mosque in Islamabad, Service Road West F11, اسلام آباد",amenity:mosque,4
"Mosque F-8/3 — amenity:mosque in Islamabad, Ismail Zabeeh Road, اسلام آباد",amenity:mosque,4
"Mosque Ghos-e-Azam — amenity:mosque in Islamabad, Street 19, اسلام آباد",amenity:mosque,4
"Mosque and Madrassa — amenity:mosque in Islamabad, Ibn-e-Sina Road, اسلام آباد",amenity:mosque,4
"Motamar Mosque — amenity:mosque in Islamabad, School Road, اسلام آباد",amenity:mosque,4
Mueeniya Mosque — amenity:mosque in Islamabad,amenity:mosque,4
"Mughera bin Sheba Masque — amenity:mosque in Islamabad, Street 1, اسلام آباد",amenity:mosque,4
"Mujaddiya Masjid — amenity:mosque in Islamabad, Park Road, اسلام آباد",amenity:mosque,4
"NTC Mosque — amenity:mosque in Islamabad, Service Road West G5;Service Road West F5, اسلام آباد",amenity:mosque,4
"Numl Masjid — amenity:mosque in Islamabad, Service Road South H9",amenity:mosque,4
"PAF Mosque — amenity:mosque in Islamabad, Younas Avenue, اسلام آباد",amenity:mosque,4
Rehmat-ul-Alaimeen — amenity:mosque in Islamabad,amenity:mosque,4
"Syed-na-Ali — amenity:mosque in Islamabad, Ibn-e-Sina Road, اسلام آباد, 44000",amenity:mosque,4
Syed-na-Saddiq-Akbar — amenity:mosque in Islamabad,amenity:mosque,4
Taqwa Masjid‎ — amenity:mosque in Islamabad,amenity:mosque,4
Zubair Mosque — amenity:mosque in Islamabad,amenity:mosque,4
جامع مسجد — amenity:mosque in Islamabad,amenity:mosque,4
"علی مرتضیٰ مسجد — amenity:mosque in Islamabad, اسٹریٹ 10, اسلام آباد, 44000",amenity:mosque,4
"مدنی مسجد — amenity:mosque in Islamabad, اسٹریٹ 21, اسلام آباد",amenity:mosque,4
مسجد — amenity:mosque in Islamabad,amenity:mosque,4
"مسجد ابو ہریرہ — amenity:mosque in Islamabad, اسٹریٹ 30, اسلام آباد",amenity:mosque,4
"مسجد اقصیٰ — amenity:mosque in Islamabad, اسلام آباد",amenity:mosque,4
مسجد التوبہ — amenity:mosque in Islamabad,amenity:mosque,4
"مسجد الحیرہ — amenity:mosque in Islamabad, گلی 34, اسلام آباد",amenity:mosque,4
"مسجد الكويت — amenity:mosque in Islamabad, روڈ 4, اسلام آباد",amenity:mosque,4
"مسجد ایف-10/1 — amenity:mosque in Islamabad, اسٹریٹ 26, اسلام آباد",amenity:mosque,4
مسجد بلال — amenity:mosque in Islamabad,amenity:mosque,4
مسجد طہ — amenity:mosque in Islamabad,amenity:mosque,4
مسجد قبا — amenity:mosque in Islamabad,amenity:mosque,4
"پی ایم ڈی سی مسجد — amenity:mosque in Islamabad, اسلام آباد",amenity:mosque,4
amenity:mosque in Islamabad,amenity:mosque,4
amenity:mosque in Islamabad,amenity:mosque,4
amenity:mosque in Islamabad,amenity:mosque,4
amenity:mosque in Islamabad,amenity:mosque,4
"amenity:mosque in Islamabad, Street 111, اسلام آباد",amenity:mosque,4
amenity:mosque in Islamabad,amenity:mosque,4
amenity:mosque in Islamabad,amenity:mosque,4
amenity:mosque in Islamabad,amenity:mosque,4
amenity:mosque in Islamabad,amenity:mosque,4
amenity:mosque in Islamabad,amenity:mosque,4
amenity:mosque in Islamabad,amenity:mosque,4
"amenity:mosque in Islamabad, اسلام آباد",amenity:mosque,4
amenity:mosque in Islamabad,amenity:mosque,4
amenity:mosque in Islamabad,amenity:mosque,4
amenity:mosque in Islamabad,amenity:mosque,4
amenity:mosque in Islamabad,amenity:mosque,4
amenity:mosque in Islamabad,amenity:mosque,4
amenity:mosque in Islamabad,amenity:mosque,4
"amenity:mosque in Islamabad, اسلام آباد",amenity:mosque,4
"amenity:mosque in Islamabad, اسلام آباد",amenity:mosque,4
"amenity:mosque in Islamabad, اسلام آباد",amenity:mosque,4
amenity:mosque in Islamabad,amenity:mosque,4
amenity:mosque in Islamabad,amenity:mosque,4
amenity:mosque in Islamabad,amenity:mosque,4
amenity:mosque in Islamabad,amenity:mosque,4
"amenity:mosque in Islamabad, College Road, اسلام آباد",amenity:mosque,4
amenity:mosque in Islamabad,amenity:mosque,4
amenity:mosque in Islamabad,amenity:mosque,4
amenity:mosque in Islamabad,amenity:mosque,4
"amenity:mosque in Islamabad, Street 61, اسلام آباد",amenity:mosque,4
amenity:mosque in Islamabad,amenity:mosque,4
amenity:mosque in Islamabad,amenity:mosque,4
amenity:mosque in Islamabad,amenity:mosque,4
amenity:mosque in Islamabad,amenity:mosque,4
amenity:mosque in Islamabad,amenity:mosque,4
amenity:mosque in Islamabad,amenity:mosque,4
amenity:mosque in Islamabad,amenity:mosque,4
amenity:mosque in Islamabad,amenity:mosque,4
"amenity:mosque in Islamabad, Street 10, اسلام آباد",amenity:mosque,4
amenity:mosque in Islamabad,amenity:mosque,4
amenity:mosque in Islamabad,amenity:mosque,4
"Ali Baba Restaurant — amenity:restaurant in Islamabad, Sachal Sarmast Road (G-11), اسلام آباد",amenity:restaurant,5
"Amigos Cuisine — amenity:restaurant in Islamabad, Shabir Sharif Road, اسلام آباد",amenity:restaurant,5
"Atrio Cafe & Grill — amenity:restaurant in Islamabad, College Road, اسلام آباد",amenity:restaurant,5
"Awami Hotel & Restaurant — amenity:restaurant in Islamabad, Service Road West G-11, اسلام آباد",amenity:restaurant,5
Best Western — amenity:restaurant in Islamabad,amenity:restaurant,5
"Bismillah Abbasi Restaurant & Naan Centre — amenity:restaurant in Islamabad, Street 13, اسلام آباد",amenity:restaurant,5
"Bread n Cakes — amenity:restaurant in Islamabad, Sachal Sarmast Road (G-11), اسلام آباد",amenity:restaurant,5
"CRISPY BROAST — amenity:restaurant in Islamabad, Sachal Sarmast Road (G-11), اسلام آباد",amenity:restaurant,5
"Canadian Club — amenity:restaurant in Islamabad, Street 12, اسلام آباد",amenity:restaurant,5
"Cheema and Chatta — amenity:restaurant in Islamabad, Street 20, اسلام آباد",amenity:restaurant,5
"Cordon Rouge — amenity:restaurant in Islamabad, اسلام آباد",amenity:restaurant,5
"Daman-e-Koh — amenity:restaurant in Islamabad, Damn-i-koh Road",amenity:restaurant,5
"Dera Khyber Restaurant — amenity:restaurant in Islamabad, Shabir Sharif Road, اسلام آباد",amenity:restaurant,5
Des Pardes — amenity:restaurant in Islamabad,amenity:restaurant,5
Des Pardes — amenity:restaurant in Islamabad,amenity:restaurant,5
"Des Pardes — amenity:restaurant in Islamabad, اسلام آباد",amenity:restaurant,5
"Domino's Pizza G-11 — amenity:restaurant in Islamabad, Sachal Sarmast Road (G-11), اسلام آباد",amenity:restaurant,5
"Food Gear — amenity:restaurant in Islamabad, Sachal Sarmast Road (G-11), اسلام آباد",amenity:restaurant,5
Food Street — amenity:restaurant in Islamabad,amenity:restaurant,5
"Golden Dragon — amenity:restaurant in Islamabad, Street 4, اسلام آباد",amenity:restaurant,5
"Habibi Restaurant — amenity:restaurant in Islamabad, Tipu Sultan Road, اسلام آباد",amenity:restaurant,5
Haleem Ghar — amenity:restaurant in Islamabad,amenity:restaurant,5
"Hana Restaurant — amenity:restaurant in Islamabad, I/8 markaz, #5, اسلام آباد, 46000",amenity:restaurant,5
"Islamabad Vintage Quisine — amenity:restaurant in Islamabad, School Road, اسلام آباد",amenity:restaurant,5
"Karachi Biryani & Nihari House — amenity:restaurant in Islamabad, Johar Road, اسلام آباد",amenity:restaurant,5
"Karachi Nights Restaurant — amenity:restaurant in Islamabad, Sachal Sarmast Road (G-11), اسلام آباد",amenity:restaurant,5
Khiva — amenity:restaurant in Islamabad,amenity:restaurant,5
"Khyber Shinwari Restaurant — amenity:restaurant in Islamabad, Shabir Sharif Road, اسلام آباد",amenity:restaurant,5
"Kishmish — amenity:restaurant in Islamabad, Bhitai Road, اسلام آباد",amenity:restaurant,5
"Kitchen Cusine Grill — amenity:restaurant in Islamabad, Bhitai Road, اسلام آباد",amenity:restaurant,5
La Montana Restaurant — amenity:restaurant in Islamabad,amenity:restaurant,5
Luna Caprese — amenity:restaurant in Islamabad,amenity:restaurant,5
"Maizban Tandoori Kababish Restaurant — amenity:restaurant in Islamabad, Sachal Sarmast Road (G-11), اسلام آباد",amenity:restaurant,5
"Makkah Al-Shahbaz Restaurant — amenity:restaurant in Islamabad, Service Road West G-11, اسلام آباد",amenity:restaurant,5
"Markaz Dhaba — amenity:restaurant in Islamabad, Shabir Sharif Road, اسلام آباد",amenity:restaurant,5
"Mehraaj Hotel — amenity:restaurant in Islamabad, Rohtas Road",amenity:restaurant,5
"Naan Centre and Restaurant — amenity:restaurant in Islamabad, Begum Iqbal Sarfraz Road (Bazar Road), اسلام آباد, 44000",amenity:restaurant,5
"Naan Shaan — amenity:restaurant in Islamabad, Sachal Sarmast Road (G-11), اسلام آباد",amenity:restaurant,5
Nandara — amenity:restaurant in Islamabad,amenity:restaurant,5
"Nando's — amenity:restaurant in Islamabad, Agha Khan Road, اسلام آباد",amenity:restaurant,5
"New Quetta BOLAN Resturant — amenity:restaurant in Islamabad, Sachal Sarmast Road (G-11), اسلام آباد",amenity:restaurant,5
"New Quetta Shah G Cafe — amenity:restaurant in Islamabad, Shabir Sharif Road, اسلام آباد",amenity:restaurant,5
New Stylish Restaurant — amenity:restaurant in Islamabad,amenity:restaurant,5
"Old dhaba — amenity:restaurant in Islamabad, Service Road South H9",amenity:restaurant,5
"PIZZA COTTAGE — amenity:restaurant in Islamabad, Sachal Sarmast Road (G-11), اسلام آباد",amenity:restaurant,5
"Papasalis Italian Restaurant — amenity:restaurant in Islamabad, F7 markaz, اسلام آباد",amenity:restaurant,5
"Paratha House — amenity:restaurant in Islamabad, Ravi Road, G-8 Markaz",amenity:restaurant,5
"Peng Wings — amenity:restaurant in Islamabad, street #45, Plot 26, اسلام آباد",amenity:restaurant,5
Polo Lounge — amenity:restaurant in Islamabad,amenity:restaurant,5
Quaidian Hut — amenity:restaurant in Islamabad,amenity:restaurant,5
"Rewayat Restaurant — amenity:restaurant in Islamabad, Sachal Sarmast Road (G-11), اسلام آباد",amenity:restaurant,5
"Roasters — amenity:restaurant in Islamabad, F7 markaz, اسلام آباد",amenity:restaurant,5
"Savour Foods — amenity:restaurant in Islamabad, AKM Fazul Haq Road",amenity:restaurant,5
"Shanwari Resturant‎ — amenity:restaurant in Islamabad, 55",amenity:restaurant,5
"Silver Grill — amenity:restaurant in Islamabad, Sachal Sarmast Road (G-11), اسلام آباد",amenity:restaurant,5
"Tandoori Restaurant — amenity:restaurant in Islamabad, Gali 4, اسلام آباد",amenity:restaurant,5
"The French Club 21 — amenity:restaurant in Islamabad, یونیورسٹی روڈ, اسلام آباد",amenity:restaurant,5
"The Naan Cafe — amenity:restaurant in Islamabad, Sachal Sarmast Road (G-11), اسلام آباد",amenity:restaurant,5
"The Paratha Co. — amenity:restaurant in Islamabad, Sachal Sarmast Road (G-11), اسلام آباد",amenity:restaurant,5
"Zaiqa Restaurant — amenity:restaurant in Islamabad, Service Road West G-11, اسلام آباد",amenity:restaurant,5
"Zeeshan Meat & Chicken Shop — amenity:restaurant in Islamabad, Street 4, اسلام آباد",amenity:restaurant,5
"Zeeshan Restaurant — amenity:restaurant in Islamabad, Shabir Sharif Road, اسلام آباد",amenity:restaurant,5
Zefra Restaurant — amenity:restaurant in Islamabad,amenity:restaurant,5
cafe lazeez — amenity:restaurant in Islamabad,amenity:restaurant,5
pizzaholic — amenity:restaurant in Islamabad,amenity:restaurant,5
"پزیلا پیزا — amenity:restaurant in Islamabad, سروس روڈ ویسٹ جی-11, اسلام آباد",amenity:restaurant,5
"پیزا ہٹ — amenity:restaurant in Islamabad, اسلام آباد",amenity:restaurant,5
"پیزا ہٹ — amenity:restaurant in Islamabad, اسلام آباد",amenity:restaurant,5
"پیزا ہٹ — amenity:restaurant in Islamabad, اسلام آباد",amenity:restaurant,5
"چائنا ٹاؤن — amenity:restaurant in Islamabad, اسٹریٹ 48, اسلام آباد",amenity:restaurant,5
کیفے 1969 — amenity:restaurant in Islamabad,amenity:restaurant,5
amenity:restaurant in Islamabad,amenity:restaurant,5
amenity:restaurant in Islamabad,amenity:restaurant,5
amenity:restaurant in Islamabad,amenity:restaurant,5
"Air University Islamabad — amenity:school in Islamabad, Service Road E8/E9, اسلام آباد, 44000",amenity:school,6
"Angelique School — amenity:school in Islamabad, Street 81, اسلام آباد",amenity:school,6
"Bahria Foundation School — amenity:school in Islamabad, Street 1, اسلام آباد",amenity:school,6
"Bahria Foundation School — amenity:school in Islamabad, Street 1, اسلام آباد",amenity:school,6
Beaconhouse Margalla Campus — amenity:school in Islamabad,amenity:school,6
Beaconhouse Margalla Campus — amenity:school in Islamabad,amenity:school,6
"Beaconhouse School System — amenity:school in Islamabad, Street 100, G 11/3, اسلام آباد",amenity:school,6
"Darul ifta wal ihsan — amenity:school in Islamabad, Street 51, اسلام آباد",amenity:school,6
"East & West Education System — amenity:school in Islamabad, Street 61, اسلام آباد",amenity:school,6
"F G Model School — amenity:school in Islamabad, Street 156, اسلام آباد",amenity:school,6
F.G.School — amenity:school in Islamabad,amenity:school,6
FG Boys Model School — amenity:school in Islamabad,amenity:school,6
FG Junior Model School G-/8/4 — amenity:school in Islamabad,amenity:school,6
"Faiz-ul-Islam Model High School — amenity:school in Islamabad, Murree Road, راولپنڈی",amenity:school,6
Fed Govt Primary School #32 — amenity:school in Islamabad,amenity:school,6
"Federal Government Boys Higher Secondary School G-8/4 — amenity:school in Islamabad, Street 26, اسلام آباد",amenity:school,6
"Federal Government Girls College No. 9 G-9/2 — amenity:school in Islamabad, Street 14, اسلام آباد",amenity:school,6
"Federal Government Girls Model Middle School — amenity:school in Islamabad, Street 26, اسلام آباد",amenity:school,6
"Federal Government Girls Model School G-6/1 — amenity:school in Islamabad, Street 51, اسلام آباد",amenity:school,6
Federal Government Girls Model School G-9/3 — amenity:school in Islamabad,amenity:school,6
"Federal Government Girls Secondary School # 7 — amenity:school in Islamabad, Street 33, اسلام آباد",amenity:school,6
"Federal Government Junior Model School G-8/1 — amenity:school in Islamabad, Gali 74, اسلام آباد",amenity:school,6
"Federal Government Junior Model School No # 2 — amenity:school in Islamabad, Street 27, اسلام آباد",amenity:school,6
"Federal Government Junior Model School No. 38 — amenity:school in Islamabad, Gali 97, اسلام آباد, 44000",amenity:school,6
Federal Government Junior Model School No.68 — amenity:school in Islamabad,amenity:school,6
Federal Government Junior School No. 44 — amenity:school in Islamabad,amenity:school,6
"Federal Government Model Girls School — amenity:school in Islamabad, Saddar Road, اسلام آباد",amenity:school,6
"Federal Government Model School No. 36 G-9/2 — amenity:school in Islamabad, Street 11, اسلام آباد",amenity:school,6
"Federal Government Primary Model School G-7/1 — amenity:school in Islamabad, Street 31, اسلام آباد",amenity:school,6
Federal Government Secondary School For Girls No. 13 — amenity:school in Islamabad,amenity:school,6
"Federal Government Secondary School No. 14 — amenity:school in Islamabad, Street 45, اسلام آباد",amenity:school,6
"Frobels Schools — amenity:school in Islamabad, Hilal Road, اسلام آباد",amenity:school,6
Froebel's International School — amenity:school in Islamabad,amenity:school,6
"G-7/2 ایف جی گرلز ماڈل اسکول — amenity:school in Islamabad, گلی 46, اسلام آباد",amenity:school,6
HEC ISLAMABAD — amenity:school in Islamabad,amenity:school,6
"Head Start School — amenity:school in Islamabad, Nazim ud Din Road, اسلام آباد",amenity:school,6
"Institute of Regional Studies — amenity:school in Islamabad, Service Road West F5, اسلام آباد",amenity:school,6
"International Grammar School — amenity:school in Islamabad, Street 58, اسلام آباد",amenity:school,6
"International Islamic Grammar School — amenity:school in Islamabad, Nazim ud Din Road, اسلام آباد",amenity:school,6
International Islamic Grammer School — amenity:school in Islamabad,amenity:school,6
Islamabad Convent — amenity:school in Islamabad,amenity:school,6
Islamabad Convent School — amenity:school in Islamabad,amenity:school,6
"Islamabad Convent School — amenity:school in Islamabad, Street 55, اسلام آباد",amenity:school,6
"Islamabad Grammar School — amenity:school in Islamabad, Mangla Road, اسلام آباد",amenity:school,6
"Islamabad Model College for Boys F-10/4 — amenity:school in Islamabad, اسلام آباد",amenity:school,6
"Islamabad Model College for Boys F-7/3 — amenity:school in Islamabad, Street 2, اسلام آباد",amenity:school,6
Islamabad Model College for Girls F-6/2 — amenity:school in Islamabad,amenity:school,6
"Islamabad Model College for Girls G-10/2 — amenity:school in Islamabad, Street 28, اسلام آباد",amenity:school,6
Islamabad Model College for Girls I-8/2 — amenity:school in Islamabad,amenity:school,6
Islamabad Model Primary School F-7/1 — amenity:school in Islamabad,amenity:school,6
"Islamabad Model School — amenity:school in Islamabad, Street 34, اسلام آباد",amenity:school,6
"Islamabad Model School — amenity:school in Islamabad, Gali 112, اسلام آباد",amenity:school,6
"Islamabad Model School (IV) No.1 G-9/2 — amenity:school in Islamabad, 15, 44000",amenity:school,6
"Islamabad Model School For Boys, Chak Shehzad — amenity:school in Islamabad",amenity:school,6
"Islamabad Model School G-8/4 — amenity:school in Islamabad, Street 30, اسلام آباد",amenity:school,6
Islamabad Model School I-8/1 Islamabad — amenity:school in Islamabad,amenity:school,6
"Islamabad Model School No. 3 G-9/2 Blended e-Learning — amenity:school in Islamabad, Street 14, اسلام آباد",amenity:school,6
Islamabad Model School for Girls G-9/1 — amenity:school in Islamabad,amenity:school,6
Islamabad Model School for Girls I-8/1 — amenity:school in Islamabad,amenity:school,6
Jamia Afridia — amenity:school in Islamabad,amenity:school,6
"KIPS CSS — amenity:school in Islamabad, Service Road East G-10, اسلام آباد",amenity:school,6
"Khaldunia High School — amenity:school in Islamabad, Street 94, اسلام آباد",amenity:school,6
Mashal Model School — amenity:school in Islamabad,amenity:school,6
"Mount Sinai School — amenity:school in Islamabad, Street 71, اسلام آباد",amenity:school,6
Muslim Hands School Of Exellence — amenity:school in Islamabad,amenity:school,6
"National Training Center for Special Persons — amenity:school in Islamabad, Front of Margala Road",amenity:school,6
Numl Engineering department — amenity:school in Islamabad,amenity:school,6
OPF Boys College — amenity:school in Islamabad,amenity:school,6
OPF Foundation School — amenity:school in Islamabad,amenity:school,6
Pak Turk School — amenity:school in Islamabad,amenity:school,6
"Preparatory School Islamabad — amenity:school in Islamabad, Street 31, اسلام آباد",amenity:school,6
Preston University Islamabad — amenity:school in Islamabad,amenity:school,6
"SLS Montessori & School, G-11 Branch — amenity:school in Islamabad, Street 118, اسلام آباد",amenity:school,6
"Shaheen School System — amenity:school in Islamabad, Shangrila Road, اسلام آباد",amenity:school,6
"TLC Daycare, Preschool, Activity Club — amenity:school in Islamabad, Street 1, اسلام آباد",amenity:school,6
The City School — amenity:school in Islamabad,amenity:school,6
"The City School G-10 Branch — amenity:school in Islamabad, Sawan Road, اسلام آباد",amenity:school,6
"The Educators — amenity:school in Islamabad, Saddar Road, اسلام آباد",amenity:school,6
"The Leads School — amenity:school in Islamabad, Service Road West G-10, اسلام آباد",amenity:school,6
Wasif Ali Shaheed Model School For Boys — amenity:school in Islamabad,amenity:school,6
"college more — amenity:school in Islamabad, Street 4",amenity:school,6
islamabad model school — amenity:school in Islamabad,amenity:school,6
"prometric centre — amenity:school in Islamabad, Street 17",amenity:school,6
ripah international university — amenity:school in Islamabad,amenity:school,6
saint gabriel school — amenity:school in Islamabad,amenity:school,6
"دار ارقم اسکول — amenity:school in Islamabad, سروس روڈ ویسٹ جی-11, اسلام آباد",amenity:school,6
"سیکرٹریٹ انسٹی ٹیوٹ (اسٹیبلشمنٹ ڈویژن) — amenity:school in Islamabad, اسلام آباد",amenity:school,6
"amenity:school in Islamabad, Islamabad",amenity:school,6
"amenity:school in Islamabad, Gali 66, Islamabad",amenity:school,6
"amenity:school in Islamabad, Islamabad",amenity:school,6
amenity:school in Islamabad,amenity:school,6
"amenity:school in Islamabad, Street 3, Islamabad",amenity:school,6
"amenity:school in Islamabad, Street 4, اسلام آباد",amenity:school,6
amenity:school in Islamabad,amenity:school,6
amenity:school in Islamabad,amenity:school,6
amenity:school in Islamabad,amenity:school,6
amenity:school in Islamabad,amenity:school,6
amenity:school in Islamabad,amenity:school,6
amenity:school in Islamabad,amenity:school,6
amenity:school in Islamabad,amenity:school,6
"Fazal Plaza — building:residential in Islamabad, AKM Fazul Haq Road, اسلام آباد",building:residential,7
"Imran Khan's Residence — building:residential in Islamabad, Bani Gala Islamabad",building:residential,7
"Parliament Lodges — building:residential in Islamabad, Service Road West G5;Service Road West F5, اسلام آباد",building:residential,7
"Parliament Lodges — building:residential in Islamabad, AKM Fazul Haq Road, اسلام آباد",building:residential,7
President NDU House — building:residential in Islamabad,building:residential,7
"Saleem Plaza — building:residential in Islamabad, Jinnah Avenue, اسلام آباد",building:residential,7
building:residential in Islamabad,building:residential,7
building:residential in Islamabad,building:residential,7
building:residential in Islamabad,building:residential,7
building:residential in Islamabad,building:residential,7
building:residential in Islamabad,building:residential,7
building:residential in Islamabad,building:residential,7
building:residential in Islamabad,building:residential,7
building:residential in Islamabad,building:residential,7
building:residential in Islamabad,building:residential,7
building:residential in Islamabad,building:residential,7
building:residential in Islamabad,building:residential,7
building:residential in Islamabad,building:residential,7
building:residential in Islamabad,building:residential,7
building:residential in Islamabad,building:residential,7
building:residential in Islamabad,building:residential,7
building:residential in Islamabad,building:residential,7
building:residential in Islamabad,building:residential,7
building:residential in Islamabad,building:residential,7
7th Avenue Station — bus stop in Islamabad,highway:bus_stop,8
7th Avenue Station — bus stop in Islamabad,highway:bus_stop,8
Aabpara Bus Stop — bus stop in Islamabad,highway:bus_stop,8
Asian Broadcasting Pvt. Ltd — bus stop in Islamabad,highway:bus_stop,8
Bilal Travels Bus Service — bus stop in Islamabad,highway:bus_stop,8
Chakwal Adda — bus stop in Islamabad,highway:bus_stop,8
Chaman Station — bus stop in Islamabad,highway:bus_stop,8
Chaman Station — bus stop in Islamabad,highway:bus_stop,8
Chatha Bakhtawar — bus stop in Islamabad,highway:bus_stop,8
Faiz Ahmed Faiz Station — bus stop in Islamabad,highway:bus_stop,8
Faiz Ahmed Faiz Station — bus stop in Islamabad,highway:bus_stop,8
Faizabad - فیض آباد — bus stop in Islamabad,highway:bus_stop,8
Faizabad Adda (Mansehra terminal) — bus stop in Islamabad,highway:bus_stop,8
Faizabad Station — bus stop in Islamabad,highway:bus_stop,8
Faizabad Station — bus stop in Islamabad,highway:bus_stop,8
Fasal Movers — bus stop in Islamabad,highway:bus_stop,8
G-9 Bus Wagon & Pickup Stop‎ — bus stop in Islamabad,highway:bus_stop,8
G10 Metro Station — bus stop in Islamabad,highway:bus_stop,8
G10 Metro Station — bus stop in Islamabad,highway:bus_stop,8
Ibne Sina Station — bus stop in Islamabad,highway:bus_stop,8
Ibne Sina Station — bus stop in Islamabad,highway:bus_stop,8
Kachehri Station — bus stop in Islamabad,highway:bus_stop,8
Kachehri Station — bus stop in Islamabad,highway:bus_stop,8
Kashmir Highway Station — bus stop in Islamabad,highway:bus_stop,8
Kashmir Highway Station — bus stop in Islamabad,highway:bus_stop,8
Khayaban-i-Johar Station — bus stop in Islamabad,highway:bus_stop,8
Khayaban-i-Johar Station — bus stop in Islamabad,highway:bus_stop,8
Local Bus stop — bus stop in Islamabad,highway:bus_stop,8
Mansehra Wagon Stop — bus stop in Islamabad,highway:bus_stop,8
Metro Bus Station Ibn-e-Sina — bus stop in Islamabad,highway:bus_stop,8
Metro Bus Station Photohar — bus stop in Islamabad,highway:bus_stop,8
Metro Bus Terminal 7th Avenue — bus stop in Islamabad,highway:bus_stop,8
Metro Bus Terminal Chaman — bus stop in Islamabad,highway:bus_stop,8
Metro Bus Terminal Faizabad — bus stop in Islamabad,highway:bus_stop,8
Metro Bus Terminal Katchery — bus stop in Islamabad,highway:bus_stop,8
Metro Bus Terminal Khyban-e-Johar — bus stop in Islamabad,highway:bus_stop,8
Metro Bus Terminal Pak Secretariat — bus stop in Islamabad,highway:bus_stop,8
Metro Bus Terminal Parade Ground — bus stop in Islamabad,highway:bus_stop,8
Metro Bus Terminal Peshawar Mor — bus stop in Islamabad,highway:bus_stop,8
Metro Bus Terminal Shaheed-E-Millat — bus stop in Islamabad,highway:bus_stop,8
Metro Bus Terminal Stock Exchange — bus stop in Islamabad,highway:bus_stop,8
NHA Metro Station — bus stop in Islamabad,highway:bus_stop,8
NHA Metro Station — bus stop in Islamabad,highway:bus_stop,8
PIMS Metro Bus Station — bus stop in Islamabad,highway:bus_stop,8
PIMS Metro Bus Station — bus stop in Islamabad,highway:bus_stop,8
Parade Ground Station — bus stop in Islamabad,highway:bus_stop,8
Parade Ground Station — bus stop in Islamabad,highway:bus_stop,8
Peshawar Morr — bus stop in Islamabad,highway:bus_stop,8
Police Foundation Metro Station — bus stop in Islamabad,highway:bus_stop,8
Police Foundation Metro Station — bus stop in Islamabad,highway:bus_stop,8
Pothohar Station — bus stop in Islamabad,highway:bus_stop,8
Pothohar Station — bus stop in Islamabad,highway:bus_stop,8
Puli Stop — bus stop in Islamabad,highway:bus_stop,8
Sarya Chowk — bus stop in Islamabad,highway:bus_stop,8
Secretariat Station — bus stop in Islamabad,highway:bus_stop,8
Secretariat Station — bus stop in Islamabad,highway:bus_stop,8
Shaheed-i-Millat Station — bus stop in Islamabad,highway:bus_stop,8
Shaheed-i-Millat Station — bus stop in Islamabad,highway:bus_stop,8
Stock Exchange Station — bus stop in Islamabad,highway:bus_stop,8
Stock Exchange Station — bus stop in Islamabad,highway:bus_stop,8
Wagon Stop — bus stop in Islamabad,highway:bus_stop,8
bus stop in Islamabad,highway:bus_stop,8
bus stop in Islamabad,highway:bus_stop,8
bus stop in Islamabad,highway:bus_stop,8
bus stop in Islamabad,highway:bus_stop,8
bus stop in Islamabad,highway:bus_stop,8
bus stop in Islamabad,highway:bus_stop,8
bus stop in Islamabad,highway:bus_stop,8
bus stop in Islamabad,highway:bus_stop,8
bus stop in Islamabad,highway:bus_stop,8
Aabpara Chowk — historic:monument in Islamabad,historic:monument,9
Baradaré — historic:monument in Islamabad,historic:monument,9
Federal Directorate of Education (FDE)‎ — historic:monument in Islamabad,historic:monument,9
Greek Monument — historic:monument in Islamabad,historic:monument,9
Monument — historic:monument in Islamabad,historic:monument,9
Monument to Allama Iqbal and Mihai Eminescu — historic:monument in Islamabad,historic:monument,9
Nawaz Sharif 1992 Innaugration Monument — historic:monument in Islamabad,historic:monument,9
Unity Faith Discipline Pillars — historic:monument in Islamabad,historic:monument,9
پاکستان یادگار — historic:monument in Islamabad,historic:monument,9
historic:monument in Islamabad,historic:monument,9
Airblue Crash Monument — leisure:park in Islamabad,leisure:park,10
Ankara Park — leisure:park in Islamabad,leisure:park,10
Argentina Park — leisure:park in Islamabad,leisure:park,10
"Bara Park — leisure:park in Islamabad, Street 54, اسلام آباد",leisure:park,10
"CDA G-11/2 Park — leisure:park in Islamabad, Street 51, اسلام آباد",leisure:park,10
"CDA Public Park — leisure:park in Islamabad, Rohtas Road, اسلام آباد",leisure:park,10
"Children Park — leisure:park in Islamabad, Gali 17, اسلام آباد",leisure:park,10
"Children's Park — leisure:park in Islamabad, Street 3, اسلام آباد",leisure:park,10
"Childrens Park — leisure:park in Islamabad, Gali 1, اسلام آباد",leisure:park,10
"Chota Park — leisure:park in Islamabad, Street 1, اسلام آباد",leisure:park,10
"Community Park — leisure:park in Islamabad, Gali 128, اسلام آباد",leisure:park,10
"Deer Enclosure — leisure:park in Islamabad, Ismail Zabeeh Road, اسلام آباد",leisure:park,10
F;LKL;MKKM; — leisure:park in Islamabad,leisure:park,10
FG — leisure:park in Islamabad,leisure:park,10
"Fun City — leisure:park in Islamabad, Nazim ud Din Road, اسلام آباد",leisure:park,10
"Jogging Park — leisure:park in Islamabad, اسلام آباد",leisure:park,10
Kachnar Park — leisure:park in Islamabad,leisure:park,10
Lake View Park — leisure:park in Islamabad,leisure:park,10
"Multipurpose Public Park — leisure:park in Islamabad, Gali 57, اسلام آباد",leisure:park,10
PAF Golf Course — leisure:park in Islamabad,leisure:park,10
"Square Park — leisure:park in Islamabad, Gali 73, اسلام آباد",leisure:park,10
"kids Park — leisure:park in Islamabad, Gali 48, اسلام آباد",leisure:park,10
sfafd — leisure:park in Islamabad,leisure:park,10
باغ — leisure:park in Islamabad,leisure:park,10
باغ — leisure:park in Islamabad,leisure:park,10
"فاطمہ جناح پارک — leisure:park in Islamabad, اسلام آباد",leisure:park,10
"فاطمہ جناح پارک — leisure:park in Islamabad, اسلام آباد",leisure:park,10
leisure:park in Islamabad,leisure:park,10
leisure:park in Islamabad,leisure:park,10
leisure:park in Islamabad,leisure:park,10
leisure:park in Islamabad,leisure:park,10
leisure:park in Islamabad,leisure:park,10
leisure:park in Islamabad,leisure:park,10
leisure:park in Islamabad,leisure:park,10
leisure:park in Islamabad,leisure:park,10
leisure:park in Islamabad,leisure:park,10
leisure:park in Islamabad,leisure:park,10
leisure:park in Islamabad,leisure:park,10
leisure:park in Islamabad,leisure:park,10
leisure:park in Islamabad,leisure:park,10
leisure:park in Islamabad,leisure:park,10
leisure:park in Islamabad,leisure:park,10
leisure:park in Islamabad,leisure:park,10
leisure:park in Islamabad,leisure:park,10
leisure:park in Islamabad,leisure:park,10
leisure:park in Islamabad,leisure:park,10
leisure:park in Islamabad,leisure:park,10
leisure:park in Islamabad,leisure:park,10
"leisure:park in Islamabad, اسلام آباد",leisure:park,10
"leisure:park in Islamabad, اسلام آباد",leisure:park,10
leisure:park in Islamabad,leisure:park,10
leisure:park in Islamabad,leisure:park,10
leisure:park in Islamabad,leisure:park,10
leisure:park in Islamabad,leisure:park,10
leisure:park in Islamabad,leisure:park,10
leisure:park in Islamabad,leisure:park,10
leisure:park in Islamabad,leisure:park,10
leisure:park in Islamabad,leisure:park,10
natural:tree in Islamabad,natural:tree,11
natural:tree in Islamabad,natural:tree,11
natural:tree in Islamabad,natural:tree,11
natural:tree in Islamabad,natural:tree,11
natural:tree in Islamabad,natural:tree,11
natural:tree in Islamabad,natural:tree,11
natural:tree in Islamabad,natural:tree,11
natural:tree in Islamabad,natural:tree,11
natural:tree in Islamabad,natural:tree,11
natural:tree in Islamabad,natural:tree,11
natural:tree in Islamabad,natural:tree,11
natural:tree in Islamabad,natural:tree,11
natural:tree in Islamabad,natural:tree,11
natural:tree in Islamabad,natural:tree,11
natural:tree in Islamabad,natural:tree,11
natural:tree in Islamabad,natural:tree,11
natural:tree in Islamabad,natural:tree,11
natural:tree in Islamabad,natural:tree,11
natural:tree in Islamabad,natural:tree,11
natural:tree in Islamabad,natural:tree,11
natural:tree in Islamabad,natural:tree,11
natural:tree in Islamabad,natural:tree,11
natural:tree in Islamabad,natural:tree,11
natural:tree in Islamabad,natural:tree,11
natural:tree in Islamabad,natural:tree,11
natural:tree in Islamabad,natural:tree,11
natural:tree in Islamabad,natural:tree,11
natural:tree in Islamabad,natural:tree,11
natural:tree in Islamabad,natural:tree,11
natural:tree in Islamabad,natural:tree,11
natural:tree in Islamabad,natural:tree,11
natural:tree in Islamabad,natural:tree,11
natural:tree in Islamabad,natural:tree,11
natural:tree in Islamabad,natural:tree,11
natural:tree in Islamabad,natural:tree,11
natural:tree in Islamabad,natural:tree,11
natural:tree in Islamabad,natural:tree,11
natural:tree in Islamabad,natural:tree,11
natural:tree in Islamabad,natural:tree,11
natural:tree in Islamabad,natural:tree,11
natural:tree in Islamabad,natural:tree,11
natural:tree in Islamabad,natural:tree,11
natural:tree in Islamabad,natural:tree,11
natural:tree in Islamabad,natural:tree,11
natural:tree in Islamabad,natural:tree,11
natural:tree in Islamabad,natural:tree,11
natural:tree in Islamabad,natural:tree,11
natural:tree in Islamabad,natural:tree,11
natural:tree in Islamabad,natural:tree,11
natural:tree in Islamabad,natural:tree,11
natural:tree in Islamabad,natural:tree,11
natural:tree in Islamabad,natural:tree,11
natural:tree in Islamabad,natural:tree,11
natural:tree in Islamabad,natural:tree,11
راول جھیل — natural:water in Islamabad,natural:water,12
کورنگ ندی — natural:water in Islamabad,natural:water,12
natural:water in Islamabad,natural:water,12
natural:water in Islamabad,natural:water,12
natural:water in Islamabad,natural:water,12
natural:water in Islamabad,natural:water,12
natural:water in Islamabad,natural:water,12
natural:water in Islamabad,natural:water,12
natural:water in Islamabad,natural:water,12
natural:water in Islamabad,natural:water,12
natural:water in Islamabad,natural:water,12
natural:water in Islamabad,natural:water,12
natural:water in Islamabad,natural:water,12
natural:water in Islamabad,natural:water,12
natural:water in Islamabad,natural:water,12
natural:water in Islamabad,natural:water,12
natural:water in Islamabad,natural:water,12
natural:water in Islamabad,natural:water,12
natural:water in Islamabad,natural:water,12
natural:water in Islamabad,natural:water,12
natural:water in Islamabad,natural:water,12
natural:water in Islamabad,natural:water,12
natural:water in Islamabad,natural:water,12
natural:water in Islamabad,natural:water,12
natural:water in Islamabad,natural:water,12
natural:water in Islamabad,natural:water,12
natural:water in Islamabad,natural:water,12
natural:water in Islamabad,natural:water,12
natural:water in Islamabad,natural:water,12
natural:water in Islamabad,natural:water,12
natural:water in Islamabad,natural:water,12
natural:water in Islamabad,natural:water,12
natural:water in Islamabad,natural:water,12
natural:water in Islamabad,natural:water,12
natural:water in Islamabad,natural:water,12
natural:water in Islamabad,natural:water,12
natural:water in Islamabad,natural:water,12
natural:water in Islamabad,natural:water,12
natural:water in Islamabad,natural:water,12
natural:water in Islamabad,natural:water,12
natural:water in Islamabad,natural:water,12
natural:water in Islamabad,natural:water,12
natural:water in Islamabad,natural:water,12
natural:water in Islamabad,natural:water,12
Karwali — place:locality in Islamabad,place:locality,13
Rajdani — place:locality in Islamabad,place:locality,13
Rumli — place:locality in Islamabad,place:locality,13
Shahdara — place:locality in Islamabad,place:locality,13
صفر نقطہ — place:locality in Islamabad,place:locality,13
ڈپلومیٹک انکلیو — place:locality in Islamabad,place:locality,13
Aslam Bakers — shop:bakery in Islamabad,shop:bakery,14
"Bake Well — shop:bakery in Islamabad, 10th Avenue, اسلام آباد",shop:bakery,14
"Bakeman Bakers & Sweets — shop:bakery in Islamabad, Sawan Road, اسلام آباد",shop:bakery,14
Bakery — shop:bakery in Islamabad,shop:bakery,14
"Fresco Sweets — shop:bakery in Islamabad, Jinnah Avenue, اسلام آباد",shop:bakery,14
"Gourmet Bakers — shop:bakery in Islamabad, College Road, اسلام آباد",shop:bakery,14
Gourmet Bakery — shop:bakery in Islamabad,shop:bakery,14
"Hot Bake — shop:bakery in Islamabad, Street 18, اسلام آباد",shop:bakery,14
Javed Sweet & Bakers — shop:bakery in Islamabad,shop:bakery,14
"Javed Sweet and Bakers — shop:bakery in Islamabad, Rohtas Road, اسلام آباد",shop:bakery,14
"Kitchen Cuisine — shop:bakery in Islamabad, Street 33, اسلام آباد",shop:bakery,14
"Layers Bakshop — shop:bakery in Islamabad, I-8 Markaz, Ialamabad, 44790",shop:bakery,14
"Prince Bakery — shop:bakery in Islamabad, Mangla Road, اسلام آباد",shop:bakery,14
Rahat — shop:bakery in Islamabad,shop:bakery,14
"Rahat Bakers — shop:bakery in Islamabad, Sachal Sarmast Road (G-11), اسلام آباد",shop:bakery,14
"Rahat Bakers — shop:bakery in Islamabad, Hilal Road, اسلام آباد",shop:bakery,14
"Rahat Bakers — shop:bakery in Islamabad, Street 54, اسلام آباد",shop:bakery,14
"Rasheed Sweets — shop:bakery in Islamabad, College Road, اسلام آباد",shop:bakery,14
"Sargodha Bakers — shop:bakery in Islamabad, Gali 68, اسلام آباد",shop:bakery,14
"Shery's Gluten Free — shop:bakery in Islamabad, beverly centre, Jinnah Avenue, F6/1, Blue Area, Shery's Gluten Free, اسلام آباد, 44000",shop:bakery,14
"Sitara Sweets & Bakers — shop:bakery in Islamabad, Sachal Sarmast Road (G7), اسلام آباد",shop:bakery,14
"Tasty Bakers & General Store — shop:bakery in Islamabad, Street 29, Block # 141",shop:bakery,14
"Tee's Cakery — shop:bakery in Islamabad, Street 51, اسلام آباد",shop:bakery,14
"Tehzeeb Bakers — shop:bakery in Islamabad, I-8 Markaz, Islamabad, 44790",shop:bakery,14
"Tehzeeb Bakers — shop:bakery in Islamabad, G-11 Markaz, اسلام آباد",shop:bakery,14
"Tehzeeb Bakers — shop:bakery in Islamabad, Street 24, اسلام آباد",shop:bakery,14
"Tehzeeb Bakers — shop:bakery in Islamabad, Mangla Road, اسلام آباد",shop:bakery,14
"Tehzeeb Bakers Blue Area — shop:bakery in Islamabad, AKM Fazul Haq Road, اسلام آباد",shop:bakery,14
Tehzeeb Bakers Main Branch — shop:bakery in Islamabad,shop:bakery,14
"Toast'd Cafe and Bakery — shop:bakery in Islamabad, Bhitai Road, اسلام آباد",shop:bakery,14
"جمیل مٹھائی — shop:bakery in Islamabad, جناح ایونیو, اسلام آباد",shop:bakery,14
shop:bakery in Islamabad,shop:bakery,14
shop:bakery in Islamabad,shop:bakery,14
shop:bakery in Islamabad,shop:bakery,14
shop:bakery in Islamabad,shop:bakery,14
"shop:bakery in Islamabad, School Road, اسلام آباد",shop:bakery,14
Ahmed Fabrics — shop:clothes in Islamabad,shop:clothes,15
Akharam Studio — shop:clothes in Islamabad,shop:clothes,15
"Al-Rehman Uniform — shop:clothes in Islamabad, Sachal Sarmast Road (G-11), اسلام آباد",shop:clothes,15
Beechtree — shop:clothes in Islamabad,shop:clothes,15
"Bonanza — shop:clothes in Islamabad, Agha Khan Road, اسلام آباد",shop:clothes,15
"Cotton & Cotton Islamabad — shop:clothes in Islamabad, Bhitai Road, اسلام آباد",shop:clothes,15
Eves Garments — shop:clothes in Islamabad,shop:clothes,15
"Faisal Fabrics — shop:clothes in Islamabad, Shabir Sharif Road, اسلام آباد",shop:clothes,15
Grace 3 Garments — shop:clothes in Islamabad,shop:clothes,15
Hassan Cloth House — shop:clothes in Islamabad,shop:clothes,15
"Ideas — shop:clothes in Islamabad, Street 54, اسلام آباد",shop:clothes,15
"Ideas — shop:clothes in Islamabad, College Road, اسلام آباد",shop:clothes,15
"Insaf Cloth Al Anayat Mall — shop:clothes in Islamabad, Sachal Sarmast Road (G-11), اسلام آباد",shop:clothes,15
"Junaid Jamshed — shop:clothes in Islamabad, College Road, اسلام آباد",shop:clothes,15
Junaid Jamsheed Clothing J. — shop:clothes in Islamabad,shop:clothes,15
"Khaadi — shop:clothes in Islamabad, 10th Avenue, اسلام آباد",shop:clothes,15
"Labels Islamabad Multi — shop:clothes in Islamabad, Bhitai Road, اسلام آباد",shop:clothes,15
"Latelier — shop:clothes in Islamabad, Bhitai Road, اسلام آباد",shop:clothes,15
"Levi's — shop:clothes in Islamabad, 10th Avenue, اسلام آباد",shop:clothes,15
"Levis Outlet — shop:clothes in Islamabad, College Road, اسلام آباد",shop:clothes,15
Levi’s Outlet Store — shop:clothes in Islamabad,shop:clothes,15
"Maldini Fashion — shop:clothes in Islamabad, Shop No 17,Block 12,Jinnah Super Market F7, Shop17,Block 12, 44000",shop:clothes,15
"Melange — shop:clothes in Islamabad, College Road, 44000",shop:clothes,15
"Nishat Linen — shop:clothes in Islamabad, Bhitai Road, اسلام آباد",shop:clothes,15
"Oasis Boutique — shop:clothes in Islamabad, Gali 128, اسلام آباد",shop:clothes,15
Outfitters Factory Outlet — shop:clothes in Islamabad,shop:clothes,15
Outfitters. — shop:clothes in Islamabad,shop:clothes,15
Poshak Mehal — shop:clothes in Islamabad,shop:clothes,15
"Professional Uniforms — shop:clothes in Islamabad, Street 31, اسلام آباد",shop:clothes,15
Rani Emaan's — shop:clothes in Islamabad,shop:clothes,15
Second Hand Clothing Center — shop:clothes in Islamabad,shop:clothes,15
Sialkot Dupatta Matching Center — shop:clothes in Islamabad,shop:clothes,15
"Simla Cloth House — shop:clothes in Islamabad, جناح ایونیو, Shop 5, Malik Complex, اسلام آباد, 44000",shop:clothes,15
"Taj Mehal Handicrafts — shop:clothes in Islamabad, School Road, اسلام آباد",shop:clothes,15
"The Diner's Shop — shop:clothes in Islamabad, College Road, اسلام آباد",shop:clothes,15
Valentino Fashion — shop:clothes in Islamabad,shop:clothes,15
"Zeitgeist — shop:clothes in Islamabad, Jinnah Avenue, اسلام آباد",shop:clothes,15
khyber plaza — shop:clothes in Islamabad,shop:clothes,15
shop:clothes in Islamabad,shop:clothes,15
"Aabpara Market — shop:supermarket in Islamabad, Muncipal Road",shop:supermarket,16
Adnan Market — shop:supermarket in Islamabad,shop:supermarket,16
"Akhbar Market — shop:supermarket in Islamabad, Shaheed-e-Millat Road, اسلام آباد",shop:supermarket,16
"Al Fatah — shop:supermarket in Islamabad, Nazim ud Din Road, اسلام آباد",shop:supermarket,16
Al-Fateh Market — shop:supermarket in Islamabad,shop:supermarket,16
Al-Habib Market — shop:supermarket in Islamabad,shop:supermarket,16
"Bilal Market — shop:supermarket in Islamabad, Street 73",shop:supermarket,16
"Buland Market — shop:supermarket in Islamabad, Street 31",shop:supermarket,16
Buy Best — shop:supermarket in Islamabad,shop:supermarket,16
CSD — shop:supermarket in Islamabad,shop:supermarket,16
City Super Store — shop:supermarket in Islamabad,shop:supermarket,16
City Superstore — shop:supermarket in Islamabad,shop:supermarket,16
Dubai Cash&Carry — shop:supermarket in Islamabad,shop:supermarket,16
Dwatson Chemist — shop:supermarket in Islamabad,shop:supermarket,16
Food 24 Hours — shop:supermarket in Islamabad,shop:supermarket,16
"G-10 - G-11 Sunday Bazaar (Itwar Bazar) — shop:supermarket in Islamabad, Service Road East G-11, اسلام آباد",shop:supermarket,16
G7 Sitara Market — shop:supermarket in Islamabad,shop:supermarket,16
Golden Market — shop:supermarket in Islamabad,shop:supermarket,16
Huma Jewellers — shop:supermarket in Islamabad,shop:supermarket,16
"M&S Store — shop:supermarket in Islamabad, Kohistan Road, اسلام آباد",shop:supermarket,16
M. Store — shop:supermarket in Islamabad,shop:supermarket,16
Madina Cash & Carry MCC — shop:supermarket in Islamabad,shop:supermarket,16
"Malik Cash& Carry — shop:supermarket in Islamabad, Gali 51, اسلام آباد",shop:supermarket,16
Max Mart — shop:supermarket in Islamabad,shop:supermarket,16
Punjab Cash & Carry — shop:supermarket in Islamabad,shop:supermarket,16
QB — shop:supermarket in Islamabad,shop:supermarket,16
Save Mart — shop:supermarket in Islamabad,shop:supermarket,16
SaveMart — shop:supermarket in Islamabad,shop:supermarket,16
"Taqwa Market — shop:supermarket in Islamabad, Gali 109",shop:supermarket,16
"Utility Store — shop:supermarket in Islamabad, Street 48, اسلام آباد",shop:supermarket,16
"Utility Store — shop:supermarket in Islamabad, Street 30, اسلام آباد",shop:supermarket,16
"Utility Store — shop:supermarket in Islamabad, اسلام آباد",shop:supermarket,16
"Utility Super Market — shop:supermarket in Islamabad, Mangla Road, اسلام آباد",shop:supermarket,16
Yamaha Capital Motors — shop:supermarket in Islamabad,shop:supermarket,16
"امیر مارکیٹ — shop:supermarket in Islamabad, اسٹریٹ 8, اسلام آباد",shop:supermarket,16
"شہزاد ٹاؤن Shehzad Town Chak Shehzad islamabad — shop:supermarket in Islamabad, Chak shehzad, Shehzad Town, islamabad, 46000",shop:supermarket,16
"شہزاد ٹاؤن مارکیٹ — shop:supermarket in Islamabad, اسٹریٹ 9, اسلام آباد",shop:supermarket,16
ویسٹ اینڈ پلازہ — shop:supermarket in Islamabad,shop:supermarket,16
shop:supermarket in Islamabad,shop:supermarket,16
shop:supermarket in Islamabad,shop:supermarket,16
shop:supermarket in Islamabad,shop:supermarket,16
shop:supermarket in Islamabad,shop:supermarket,16
"AL Waqqas Hotel — tourism:hotel in Islamabad, IJP Road, راولپنڈی",tourism:hotel,17
"Al Feroz Hotel — tourism:hotel in Islamabad, Street 12, اسلام آباد",tourism:hotel,17
"Al Madinah Hotel — tourism:hotel in Islamabad, Service Road West F11, اسلام آباد",tourism:hotel,17
Al-Umer — tourism:hotel in Islamabad,tourism:hotel,17
Avari — tourism:hotel in Islamabad,tourism:hotel,17
"Babri Hotel — tourism:hotel in Islamabad, skyways, راولپنڈی",tourism:hotel,17
"Bismillah Hazara Hotel — tourism:hotel in Islamabad, Service Road West G-11, اسلام آباد",tourism:hotel,17
"Bismillah Naan Centre — tourism:hotel in Islamabad, Service Road West G-11, اسلام آباد",tourism:hotel,17
"Bismillah Tikka & Charga House — tourism:hotel in Islamabad, Street 21, اسلام آباد",tourism:hotel,17
"Bolan Hotel — tourism:hotel in Islamabad, Street 12, اسلام آباد",tourism:hotel,17
"CHN hotel — tourism:hotel in Islamabad, Street 42, اسلام آباد",tourism:hotel,17
Chintoo's House — tourism:hotel in Islamabad,tourism:hotel,17
"City View Hotel — tourism:hotel in Islamabad, Murree Road, راولپنڈی",tourism:hotel,17
"Comfort Residency — tourism:hotel in Islamabad, College Road, Street 16, F-7/2, 47, اسلام آباد",tourism:hotel,17
"Country Inn — tourism:hotel in Islamabad, Street 44, اسلام آباد",tourism:hotel,17
"Dhabba Hotel — tourism:hotel in Islamabad, Street 20, اسلام آباد",tourism:hotel,17
"DreamLand hotel — tourism:hotel in Islamabad, Murree Road",tourism:hotel,17
"Fortalice Koshar — tourism:hotel in Islamabad, 26, F-6/2, 18, اسلام آباد",tourism:hotel,17
"Haji Hotel — tourism:hotel in Islamabad, Street 49, اسلام آباد",tourism:hotel,17
Heaven Heights Hotel — tourism:hotel in Islamabad,tourism:hotel,17
"Hill View Hotel — tourism:hotel in Islamabad, F 7 Markaz, اسلام آباد",tourism:hotel,17
"Hotel Al-Habib — tourism:hotel in Islamabad, Muhammad Buksh Road",tourism:hotel,17
"Hotel Al-Hira — tourism:hotel in Islamabad, Mangla Road, اسلام آباد",tourism:hotel,17
"Hotel Al-Subhania — tourism:hotel in Islamabad, Mangla Road, اسلام آباد",tourism:hotel,17
"Hotel City International — tourism:hotel in Islamabad, Mangla Road, اسلام آباد",tourism:hotel,17
"Hotel Faran — tourism:hotel in Islamabad, Street 36, اسلام آباد",tourism:hotel,17
"Hotel Grand Ambassador — tourism:hotel in Islamabad, Constitution Avenue, اسلام آباد",tourism:hotel,17
"Hotel Margala — tourism:hotel in Islamabad, M-2 Near Islamabad Convention Centre, اسلام آباد",tourism:hotel,17
"Hotel One — tourism:hotel in Islamabad, Agha Khan Road, اسلام آباد",tourism:hotel,17
"Hotel One 7th Avenue — tourism:hotel in Islamabad, Service Road West F-6, اسلام آباد",tourism:hotel,17
"Hotel One Street 33 — tourism:hotel in Islamabad, Service Road West F-6, اسلام آباد",tourism:hotel,17
"Hotel Royal City — tourism:hotel in Islamabad, Street 33, اسلام آباد",tourism:hotel,17
"Hotel Royal Green — tourism:hotel in Islamabad, Street 55, اسلام آباد",tourism:hotel,17
"Hotel Travel Lodge — tourism:hotel in Islamabad, Murree Road, راولپنڈی",tourism:hotel,17
"Hotel de Papáe (Intl) — tourism:hotel in Islamabad, AKM Fazul Haq Road, اسلام آباد",tourism:hotel,17
"Islamabad Hotel — tourism:hotel in Islamabad, Street 92, اسلام آباد",tourism:hotel,17
"Islamabad Marriott Hotel — tourism:hotel in Islamabad, Agha Khan Road, اسلام آباد",tourism:hotel,17
"Islamabad Premiere Inn — tourism:hotel in Islamabad, Muhammad Buksh Road",tourism:hotel,17
"Khan Hotel — tourism:hotel in Islamabad, Ataturk Avenue (Embassy Road);Ataturk Avenue, اسلام آباد",tourism:hotel,17
"Laraib Inn — tourism:hotel in Islamabad, Rohtas Road",tourism:hotel,17
"Marina Residency — tourism:hotel in Islamabad, Street 67, اسلام آباد",tourism:hotel,17
"Marriott Hotel — tourism:hotel in Islamabad, Service Road West G5;Service Road West F5, اسلام آباد",tourism:hotel,17
"Naan Stop — tourism:hotel in Islamabad, Sumbal Road, اسلام آباد",tourism:hotel,17
"New Cape Grace Guest House — tourism:hotel in Islamabad, Service Road West F-6, اسلام آباد",tourism:hotel,17
"New King Mun — tourism:hotel in Islamabad, Service Road West F-6, اسلام آباد",tourism:hotel,17
"Pearl Hotel — tourism:hotel in Islamabad, Murree Road, راولپنڈی",tourism:hotel,17
"Savoy Inn — tourism:hotel in Islamabad, Street 51, اسلام آباد",tourism:hotel,17
Serena Hotel — tourism:hotel in Islamabad,tourism:hotel,17
Serena Hotel — tourism:hotel in Islamabad,tourism:hotel,17
"Serena Hotel - Business Complex — tourism:hotel in Islamabad, Service Road West G5;Service Road West F5, اسلام آباد",tourism:hotel,17
"Shahenshah Hotel — tourism:hotel in Islamabad, skyways, راولپنڈی",tourism:hotel,17
"Sitara Hotel — tourism:hotel in Islamabad, Sultan Bahu Road, اسلام آباد",tourism:hotel,17
"Star Hotel — tourism:hotel in Islamabad, Sultan Bahu Road, اسلام آباد",tourism:hotel,17
"Taste & Taste — tourism:hotel in Islamabad, Street 92, اسلام آباد",tourism:hotel,17
"Usman's Hostel — tourism:hotel in Islamabad, Service Road West G-11, اسلام آباد",tourism:hotel,17
"ایلچی کانٹی نینٹل ہوٹل — tourism:hotel in Islamabad, اسلام آباد",tourism:hotel,17
"نیا عباسی ہوٹل — tourism:hotel in Islamabad, سروس روڈ ویسٹ جی-11, اسلام آباد",tourism:hotel,17
