pattern_id,class_label,k,items,support_total,support_in_class,support_frac_total,support_frac_in_class,conf,lift,growth,wracc,odds_ratio,chi2,p_value,ig
0,amenity:bank,3,amenity_bank|bank_islamabad|tag:amenity=bank,46,46,0.049676,1.0,1.0,20.130434782608695,1000000000000.0,0.047208318366928056,163773.0,926.0000000000002,2.186863650577297e-203,0.2850191414888292
1,amenity:bank,3,amenity_bank|tag:amenity=bank|آباد,32,32,0.034557,0.695652,1.0,20.130434782608695,695652173913.0435,0.03284056929873256,3947.068965517241,634.0861783873164,6.4583194287101655e-140,0.17271502040094688
2,amenity:bank,3,amenity_bank|tag:amenity=bank|بینک,17,17,0.018359,0.369565,1.0,20.130434782608695,369565217391.3043,0.017446552439951673,1044.6610169491526,331.29956473908254,5.00889679568981e-74,0.08491323719936565
3,amenity:bank,3,tag:amenity=bank|آباد|بینک,14,14,0.015119,0.304348,1.0,20.130434782608695,304347826086.95654,0.014367749068195495,785.6769230769231,271.93745232646836,4.291957861977334e-61,0.06903734341480765
4,amenity:bank,3,amenity_bank|tag:amenity=bank|بینک_amenity,10,10,0.010799,0.217391,1.0,20.130434782608695,217391304347.82608,0.010262677905853924,506.58904109589037,193.39282323903555,5.778093352874994e-44,0.048521493602028995
5,amenity:bank,3,amenity_bank|bank_amenity|tag:amenity=bank,8,8,0.008639,0.173913,1.0,20.130434782608695,173913043478.26086,0.00821014232468314,388.79220779220776,154.37719048972247,1.9155719800307689e-35,0.038518253971205965
6,amenity:bank,3,tag:amenity=bank|آباد|بینک_amenity,8,8,0.008639,0.173913,1.0,20.130434782608695,173913043478.26086,0.00821014232468314,388.79220779220776,154.37719048972247,1.9155719800307689e-35,0.038518253971205965
7,amenity:bank,3,amenity_bank|islamabad_jinnah|tag:amenity=bank,7,7,0.007559,0.152174,1.0,20.130434782608695,152173913043.47827,0.007183874534097748,334.36708860759495,134.9330557789658,3.4149085425099055e-31,0.033576148295206616
8,amenity:bank,3,amenity_bank|islamabad_اسلام|tag:amenity=bank,7,7,0.007559,0.152174,1.0,20.130434782608695,152173913043.47827,0.007183874534097748,334.36708860759495,134.9330557789658,3.4149085425099055e-31,0.033576148295206616
9,amenity:bank,3,amenity_bank|tag:amenity=bank|اسٹینڈرڈ,6,6,0.006479,0.130435,1.0,20.130434782608695,130434782608.69565,0.006157606743512355,282.6296296296296,115.53119092627597,6.020465092511504e-27,0.02867230005078337
10,amenity:bank,3,amenity_bank|bank_islamabad|tag:building=yes,5,5,0.0054,0.108696,1.0,20.130434782608695,108695652173.91304,0.005131338952926962,233.3855421686747,96.17145824481898,1.053528011005208e-22,0.023805712051379768
11,amenity:bank,3,amenity_bank|tag:amenity=bank|بینک_لمیٹڈ,5,5,0.0054,0.108696,1.0,20.130434782608695,108695652173.91304,0.005131338952926962,233.3855421686747,96.17145824481898,1.053528011005208e-22,0.023805712051379768
12,amenity:bank,3,amenity_bank|tag:amenity=bank|عسکری,5,5,0.0054,0.108696,1.0,20.130434782608695,108695652173.91304,0.005131338952926962,233.3855421686747,96.17145824481898,1.053528011005208e-22,0.023805712051379768
13,amenity:bank,3,islamabad_اسلام|tag:amenity=bank|بینک,5,5,0.0054,0.108696,1.0,20.130434782608695,108695652173.91304,0.005131338952926962,233.3855421686747,96.17145824481898,1.053528011005208e-22,0.023805712051379768
14,amenity:bank,3,tag:amenity=bank|آباد|اسٹینڈرڈ,5,5,0.0054,0.108696,1.0,20.130434782608695,108695652173.91304,0.005131338952926962,233.3855421686747,96.17145824481898,1.053528011005208e-22,0.023805712051379768
15,amenity:bank,3,amenity_bank|islamabad_kurram|tag:amenity=bank,4,4,0.00432,0.086957,1.0,20.130434782608695,86956521739.13043,0.00410507116234157,186.45882352941177,76.85372064510044,1.8410106402976674e-18,0.018975435854443338
16,amenity:bank,3,amenity_bank|tag:amenity=bank|الائیڈ,4,4,0.00432,0.086957,1.0,20.130434782608695,86956521739.13043,0.00410507116234157,186.45882352941177,76.85372064510044,1.8410106402976674e-18,0.018975435854443338
17,amenity:bank,3,amenity_bank|tag:amenity=bank|پاکستان,4,4,0.00432,0.086957,1.0,20.130434782608695,86956521739.13043,0.00410507116234157,186.45882352941177,76.85372064510044,1.8410106402976674e-18,0.018975435854443338
18,amenity:bank,3,bank_amenity|tag:amenity=bank|آباد,4,4,0.00432,0.086957,1.0,20.130434782608695,86956521739.13043,0.00410507116234157,186.45882352941177,76.85372064510044,1.8410106402976674e-18,0.018975435854443338
19,amenity:bank,3,tag:amenity=bank|آباد|بینک_لمیٹڈ,4,4,0.00432,0.086957,1.0,20.130434782608695,86956521739.13043,0.00410507116234157,186.45882352941177,76.85372064510044,1.8410106402976674e-18,0.018975435854443338
20,amenity:bank,3,amenity_bank|bank_pakistan|tag:amenity=bank,3,3,0.00324,0.065217,1.0,20.130434782608695,65217391304.347824,0.0030788033717561777,141.68965517241378,57.57784163173018,3.2486478887523056e-14,0.014180568278074287
21,amenity:bank,3,amenity_bank|commercial_bank|tag:amenity=bank,3,3,0.00324,0.065217,1.0,20.130434782608695,65217391304.347824,0.0030788033717561777,141.68965517241378,57.57784163173018,3.2486478887523056e-14,0.014180568278074287
22,amenity:bank,3,amenity_bank|islamabad_school|tag:amenity=bank,3,3,0.00324,0.065217,1.0,20.130434782608695,65217391304.347824,0.0030788033717561777,141.68965517241378,57.57784163173018,3.2486478887523056e-14,0.014180568278074287
23,amenity:bank,3,amenity_bank|markaz|tag:amenity=bank,3,3,0.00324,0.065217,1.0,20.130434782608695,65217391304.347824,0.0030788033717561777,141.68965517241378,57.57784163173018,3.2486478887523056e-14,0.014180568278074287
24,amenity:bank,3,amenity_bank|tag:amenity=bank|بی,3,3,0.00324,0.065217,1.0,20.130434782608695,65217391304.347824,0.0030788033717561777,141.68965517241378,57.57784163173018,3.2486478887523056e-14,0.014180568278074287
25,amenity:bank,3,amenity_bank|tag:building=yes|آباد,3,3,0.00324,0.065217,1.0,20.130434782608695,65217391304.347824,0.0030788033717561777,141.68965517241378,57.57784163173018,3.2486478887523056e-14,0.014180568278074287
26,amenity:bank,3,islamabad_jinnah|tag:amenity=bank|بینک,3,3,0.00324,0.065217,1.0,20.130434782608695,65217391304.347824,0.0030788033717561777,141.68965517241378,57.57784163173018,3.2486478887523056e-14,0.014180568278074287
27,amenity:bank,3,islamabad_اسلام|tag:amenity=bank|بینک_amenity,3,3,0.00324,0.065217,1.0,20.130434782608695,65217391304.347824,0.0030788033717561777,141.68965517241378,57.57784163173018,3.2486478887523056e-14,0.014180568278074287
28,amenity:bank,3,tag:amenity=bank|آباد|الائیڈ,3,3,0.00324,0.065217,1.0,20.130434782608695,65217391304.347824,0.0030788033717561777,141.68965517241378,57.57784163173018,3.2486478887523056e-14,0.014180568278074287
29,amenity:bank,3,tag:amenity=bank|آباد|پاکستان,3,3,0.00324,0.065217,1.0,20.130434782608695,65217391304.347824,0.0030788033717561777,141.68965517241378,57.57784163173018,3.2486478887523056e-14,0.014180568278074287
30,amenity:bank,3,tag:amenity=bank|الائیڈ_بینک|بینک_لمیٹڈ,3,3,0.00324,0.065217,1.0,20.130434782608695,65217391304.347824,0.0030788033717561777,141.68965517241378,57.57784163173018,3.2486478887523056e-14,0.014180568278074287
31,amenity:bank,3,amenity_cafe|cafe_amenity|tag:building=yes,3,0,0.00324,0.0,0.0,0.0,0.0,-0.00016093744897816383,2.695852534562212,0.1573278833842214,0.6916286803675056,0.00023854568494575585
32,amenity:cafe,3,amenity_cafe|cafe_islamabad|tag:amenity=cafe,60,60,0.064795,1.0,1.0,15.433333333333332,1000000000000.0,0.06059644818047386,209693.0,926.0,2.186863650577546e-203,0.34619155854117084
33,amenity:cafe,3,amenity_cafe|tag:amenity=cafe|آباد,37,37,0.039957,0.616667,1.0,15.433333333333332,616666666666.6667,0.03736780971129221,2765.425531914894,556.2596925384327,5.473517564814962e-123,0.1798676024860839
34,amenity:cafe,3,amenity_cafe|cafe_amenity|tag:amenity=cafe,18,18,0.019438,0.3,1.0,15.433333333333332,300000000000.0,0.018178934454142155,754.364705882353,264.9502202643172,1.430621113729875e-59,0.08117277803350428
35,amenity:cafe,3,amenity_cafe|islamabad_اسلام|tag:amenity=cafe,16,16,0.017279,0.266667,1.0,15.433333333333332,266666666666.66666,0.01615905284812636,642.5730337078652,234.99369963369958,4.85679290170078e-53,0.07166521539329991
36,amenity:cafe,3,amenity_cafe|cafe_islamabad|tag:building=yes,10,10,0.010799,0.166667,1.0,15.433333333333332,166666666666.66666,0.010099408030078975,360.3267326732673,145.90902474526928,1.3590320863348038e-33,0.043927458698059745
37,amenity:cafe,3,cafe_amenity|tag:amenity=cafe|آباد,10,10,0.010799,0.166667,1.0,15.433333333333332,166666666666.66666,0.010099408030078975,360.3267326732673,145.90902474526928,1.3590320863348038e-33,0.043927458698059745
38,amenity:cafe,3,cafe_amenity|islamabad_اسلام|tag:amenity=cafe,6,6,0.006479,0.1,1.0,15.433333333333332,100000000000.0,0.006059644818047385,206.68807339449543,87.16478260869565,9.984594857950455e-21,0.026034303898995644
39,amenity:cafe,3,amenity_cafe|cafe_islamabad|tag:shop=coffee,5,5,0.0054,0.083333,1.0,15.433333333333332,83333333333.33333,0.005049704015039487,171.73873873873876,72.55845095910242,1.621573431132079e-17,0.02163029768488552
40,amenity:cafe,3,amenity_cafe|café|tag:amenity=cafe,4,4,0.00432,0.066667,1.0,15.433333333333332,66666666666.666664,0.00403976321203159,138.02654867256638,57.98380332610267,2.6428484794647925e-14,0.017252928425317386
41,amenity:cafe,3,amenity_cafe|cafe_amenity|tag:building=yes,3,3,0.00324,0.05,1.0,15.433333333333332,50000000000.0,0.0030298224090236927,105.48695652173915,43.44073672806067,4.3699541652710813e-11,0.012901692033270627
42,amenity:cafe,3,amenity_cafe|café_amenity|tag:amenity=cafe,3,3,0.00324,0.05,1.0,15.433333333333332,50000000000.0,0.0030298224090236927,105.48695652173915,43.44073672806067,4.3699541652710813e-11,0.012901692033270627
43,amenity:cafe,3,amenity_cafe|f-6_service|tag:amenity=cafe,3,3,0.00324,0.05,1.0,15.433333333333332,50000000000.0,0.0030298224090236927,105.48695652173915,43.44073672806067,4.3699541652710813e-11,0.012901692033270627
44,amenity:cafe,3,amenity_cafe|numl|tag:amenity=cafe,3,3,0.00324,0.05,1.0,15.433333333333332,50000000000.0,0.0030298224090236927,105.48695652173915,43.44073672806067,4.3699541652710813e-11,0.012901692033270627
45,amenity:cafe,3,amenity_cafe|spot|tag:amenity=cafe,3,3,0.00324,0.05,1.0,15.433333333333332,50000000000.0,0.0030298224090236927,105.48695652173915,43.44073672806067,4.3699541652710813e-11,0.012901692033270627
46,amenity:cafe,3,amenity_cafe|stall|tag:amenity=cafe,3,3,0.00324,0.05,1.0,15.433333333333332,50000000000.0,0.0030298224090236927,105.48695652173915,43.44073672806067,4.3699541652710813e-11,0.012901692033270627
47,amenity:cafe,3,amenity_cafe|tag:shop=coffee|آباد,3,3,0.00324,0.05,1.0,15.433333333333332,50000000000.0,0.0030298224090236927,105.48695652173915,43.44073672806067,4.3699541652710813e-11,0.012901692033270627
48,amenity:cafe,3,café|tag:amenity=cafe|آباد,3,3,0.00324,0.05,1.0,15.433333333333332,50000000000.0,0.0030298224090236927,105.48695652173915,43.44073672806067,4.3699541652710813e-11,0.012901692033270627
49,amenity:cafe,3,amenity|tag:building=yes|آباد,14,2,0.015119,0.033333,0.14285714285714285,2.2047619047619045,2.4055555555555554,0.0011802079591732011,2.921367521367521,1.4294862927140795,0.2318482940705712,0.0008509274557504541
50,amenity:cafe,3,amenity|restaurant|tag:building=yes,14,1,0.015119,0.016667,0.07142857142857142,1.1023809523809522,1.1102564102564103,0.00010029435226175411,1.5938375350140057,0.010323236401241742,0.9190715372116451,7.802424144105828e-06
51,amenity:cafe,3,amenity_bank|bank_pakistan|tag:amenity=bank,3,0,0.00324,0.0,0.0,0.0,0.0,-0.00020991841171064848,2.038961038961039,0.2085277699238601,0.6479237779821883,0.00031363103674249704
52,amenity:hospital,3,amenity_hospital|hospital_islamabad|tag:amenity=hospital,45,45,0.048596,1.0,1.0,20.577777777777776,1000000000000.0,0.046234530179270324,160433.0,926.0,2.186863650577546e-203,0.28040314417414614
53,amenity:hospital,3,amenity_hospital|tag:amenity=hospital|آباد,27,27,0.029158,0.6,1.0,20.577777777777776,600000000000.0,0.027740718107562196,2620.6756756756754,544.475639599555,2.0034288424221153e-120,0.14296542757302036
54,amenity:hospital,3,amenity_hospital|hospital_amenity|tag:amenity=hospital,19,19,0.020518,0.422222,1.0,20.577777777777776,422222222222.2222,0.019521246075691914,1297.3018867924527,379.7700355261545,1.3964589154917205e-84,0.09659674792272355
55,amenity:hospital,3,hospital_amenity|tag:amenity=hospital|آباد,12,12,0.012959,0.266667,1.0,20.577777777777776,266666666666.66666,0.012329208047805419,657.8358208955224,238.0177972283005,1.0639507596755517e-53,0.05916815872559052
56,amenity:hospital,3,amenity_hospital|international|tag:amenity=hospital,7,7,0.007559,0.155556,1.0,20.577777777777776,155555555555.55557,0.007192038027886495,343.4415584415584,138.0883085479386,6.970699361712749e-32,0.033836428661314394
57,amenity:hospital,3,amenity_hospital|islamabad_اسلام|tag:amenity=hospital,7,7,0.007559,0.155556,1.0,20.577777777777776,155555555555.55557,0.007192038027886495,343.4415584415584,138.0883085479386,6.970699361712749e-32,0.033836428661314394
58,amenity:hospital,3,amenity_hospital|centre|tag:amenity=hospital,6,6,0.006479,0.133333,1.0,20.577777777777776,133333333333.33333,0.006164604023902709,290.1139240506329,118.23275362318839,1.5419003750462271e-27,0.028892627679207458
59,amenity:hospital,3,amenity_hospital|centre_amenity|tag:amenity=hospital,5,5,0.0054,0.111111,1.0,20.577777777777776,111111111111.11111,0.005137170019918924,239.41975308641972,98.42031608155388,3.383699481199468e-23,0.023987085971401683
60,amenity:hospital,3,amenity_hospital|institute|tag:amenity=hospital,5,5,0.0054,0.111111,1.0,20.577777777777776,111111111111.11111,0.005137170019918924,239.41975308641972,98.42031608155388,3.383699481199468e-23,0.023987085971401683
61,amenity:hospital,3,amenity_hospital|medical|tag:amenity=hospital,5,5,0.0054,0.111111,1.0,20.577777777777776,111111111111.11111,0.005137170019918924,239.41975308641972,98.42031608155388,3.383699481199468e-23,0.023987085971401683
62,amenity:hospital,3,international|tag:amenity=hospital|آباد,5,5,0.0054,0.111111,1.0,20.577777777777776,111111111111.11111,0.005137170019918924,239.41975308641972,98.42031608155388,3.383699481199468e-23,0.023987085971401683
63,amenity:hospital,3,amenity_hospital|health|tag:amenity=hospital,4,4,0.00432,0.088889,1.0,20.577777777777776,88888888888.8889,0.0041097360159351405,191.16867469879517,78.65085562786213,7.411662597702507e-19,0.019118806347338282
64,amenity:hospital,3,amenity_hospital|international_hospital|tag:amenity=hospital,4,4,0.00432,0.088889,1.0,20.577777777777776,88888888888.8889,0.0041097360159351405,191.16867469879517,78.65085562786213,7.411662597702507e-19,0.019118806347338282
65,amenity:hospital,3,amenity_hospital|islamabad_service|tag:amenity=hospital,4,4,0.00432,0.088889,1.0,20.577777777777776,88888888888.8889,0.0041097360159351405,191.16867469879517,78.65085562786213,7.411662597702507e-19,0.019118806347338282
66,amenity:hospital,3,amenity_hospital|medical_centre|tag:amenity=hospital,4,4,0.00432,0.088889,1.0,20.577777777777776,88888888888.8889,0.0041097360159351405,191.16867469879517,78.65085562786213,7.411662597702507e-19,0.019118806347338282
67,amenity:hospital,3,centre|tag:amenity=hospital|آباد,4,4,0.00432,0.088889,1.0,20.577777777777776,88888888888.8889,0.0041097360159351405,191.16867469879517,78.65085562786213,7.411662597702507e-19,0.019118806347338282
68,amenity:hospital,3,hospital_amenity|international|tag:amenity=hospital,4,4,0.00432,0.088889,1.0,20.577777777777776,88888888888.8889,0.0041097360159351405,191.16867469879517,78.65085562786213,7.411662597702507e-19,0.019118806347338282
69,amenity:hospital,3,amenity_hospital|clinic|tag:amenity=hospital,3,3,0.00324,0.066667,1.0,20.577777777777776,66666666666.666664,0.0030823020119513547,145.18823529411765,58.924232574936795,1.6386170167095632e-14,0.014286840360477051
70,amenity:hospital,3,amenity_hospital|eye_hospital|tag:amenity=hospital,3,3,0.00324,0.066667,1.0,20.577777777777776,66666666666.666664,0.0030823020119513547,145.18823529411765,58.924232574936795,1.6386170167095632e-14,0.014286840360477051
71,amenity:hospital,3,amenity_hospital|national_institute|tag:amenity=hospital,3,3,0.00324,0.066667,1.0,20.577777777777776,66666666666.666664,0.0030823020119513547,145.18823529411765,58.924232574936795,1.6386170167095632e-14,0.014286840360477051
72,amenity:hospital,3,amenity_hospital|tag:amenity=hospital|ہسپتال,3,3,0.00324,0.066667,1.0,20.577777777777776,66666666666.666664,0.0030823020119513547,145.18823529411765,58.924232574936795,1.6386170167095632e-14,0.014286840360477051
73,amenity:hospital,3,centre_amenity|tag:amenity=hospital|آباد,3,3,0.00324,0.066667,1.0,20.577777777777776,66666666666.666664,0.0030823020119513547,145.18823529411765,58.924232574936795,1.6386170167095632e-14,0.014286840360477051
74,amenity:hospital,3,hospital_amenity|international_hospital|tag:amenity=hospital,3,3,0.00324,0.066667,1.0,20.577777777777776,66666666666.666664,0.0030823020119513547,145.18823529411765,58.924232574936795,1.6386170167095632e-14,0.014286840360477051
75,amenity:hospital,3,hospital_amenity|islamabad_service|tag:amenity=hospital,3,3,0.00324,0.066667,1.0,20.577777777777776,66666666666.666664,0.0030823020119513547,145.18823529411765,58.924232574936795,1.6386170167095632e-14,0.014286840360477051
76,amenity:hospital,3,institute|tag:amenity=hospital|آباد,3,3,0.00324,0.066667,1.0,20.577777777777776,66666666666.666664,0.0030823020119513547,145.18823529411765,58.924232574936795,1.6386170167095632e-14,0.014286840360477051
77,amenity:hospital,3,international|islamabad_service|tag:amenity=hospital,3,3,0.00324,0.066667,1.0,20.577777777777776,66666666666.666664,0.0030823020119513547,145.18823529411765,58.924232574936795,1.6386170167095632e-14,0.014286840360477051
78,amenity:hospital,3,medical|tag:amenity=hospital|آباد,3,3,0.00324,0.066667,1.0,20.577777777777776,66666666666.666664,0.0030823020119513547,145.18823529411765,58.924232574936795,1.6386170167095632e-14,0.014286840360477051
79,amenity:hospital,3,amenity_bank|bank_pakistan|tag:amenity=bank,3,0,0.00324,0.0,0.0,0.0,0.0,-0.00015743880878298636,2.7582417582417587,0.15373301539789685,0.6949931789687045,0.0002332283208309982
80,amenity:hospital,3,amenity|islamabad|tag:building=yes,65,1,0.070194,0.022222,0.015384615384615385,0.3165811965811966,0.3059027777777778,-0.0023312605833865903,0.4272275934152077,1.6677526700859393,0.1965598163360456,0.001719115512733984
81,amenity:marketplace,3,islamabad|marketbazaar_islamabad|tag:amenity=marketplace,25,25,0.026998,1.0,1.0,37.04,1000000000000.0,0.02626895679879087,91952.99999999999,926.0,2.186863650577546e-203,0.17910514970476493
82,amenity:marketplace,3,islamabad|market_marketbazaar|tag:amenity=marketplace,16,16,0.017279,0.64,1.0,37.04,640000000000.0,0.016812132351226156,3131.5263157894738,586.7787252747253,1.2577219291509741e-129,0.1004247885953328
83,amenity:marketplace,3,islamabad|tag:amenity=marketplace|آباد,9,9,0.009719,0.36,1.0,37.04,360000000000.0,0.009456824447564714,1038.090909090909,327.54346782988006,3.294801962808353e-73,0.05347555315112931
84,amenity:marketplace,3,market_marketbazaar|tag:amenity=marketplace|آباد,6,6,0.006479,0.24,1.0,37.04,240000000000.0,0.006304549631709809,600.9999999999999,217.6502608695652,2.943973279976708e-49,0.0349584168911596
85,amenity:marketplace,3,islamabad_jinnah|jinnah_اسلام|tag:amenity=marketplace,3,3,0.00324,0.12,1.0,37.04,120000000000.0,0.0031522748158549045,280.46666666666664,108.47141928494041,2.1188369953378e-25,0.017167130256567593
86,amenity:marketplace,2,islamabad|tag:building=yes,76,2,0.082073,0.08,0.02631578947368421,0.9747368421052631,0.974054054054054,-5.597824312283965e-05,1.1816364415250606,0.0014662098871910311,0.9694555706389942,1.1507927572203166e-06
87,amenity:marketplace,3,amenity_bank|bank_pakistan|tag:amenity=bank,3,0,0.00324,0.0,0.0,0.0,0.0,-8.746600487943685e-05,5.033613445378151,0.08351139879488664,0.7725940895927528,0.00012813198864042118
88,amenity:mosque,3,amenity_mosque|islamabad|tag:amenity=place_of_worship,125,125,0.134989,0.919118,1.0,6.8088235294117645,919117647058.8235,0.11516357309125852,17253.521739130432,839.4148858045093,1.454820514146348e-184,0.5114411662360325
89,amenity:mosque,3,amenity_mosque|tag:amenity=place_of_worship|آباد,69,69,0.074514,0.507353,1.0,6.8088235294117645,507352941176.4706,0.06357029234637471,1627.8444444444444,433.07931223831423,3.472813767641294e-96,0.23570238390409398
90,amenity:mosque,3,amenity_mosque|masjid|tag:amenity=place_of_worship,45,45,0.048596,0.330882,1.0,6.8088235294117645,330882352941.17645,0.04145888631285307,786.1803278688525,274.74878146491284,1.0470459921867758e-61,0.14589748022476223
91,amenity:mosque,3,amenity_mosque|islamabad_اسلام|tag:amenity=place_of_worship,39,39,0.042117,0.286765,1.0,6.8088235294117645,286764705882.3529,0.03593103480447266,640.5076923076923,236.50490748723388,2.2741262238035444e-53,0.12494571396980625
92,amenity:mosque,3,amenity_mosque|islamabad|tag:building=yes,35,35,0.037797,0.257353,1.0,6.8088235294117645,257352941176.47058,0.032245800465552386,552.960591133005,211.29514095200366,7.166494951409088e-48,0.11126631908297133
93,amenity:mosque,3,masjid|tag:amenity=place_of_worship|آباد,34,34,0.036717,0.25,1.0,6.8088235294117645,250000000000.0,0.03132449188082232,532.1414634146341,205.0280269058296,1.669821669405924e-46,0.10788104820854585
94,amenity:mosque,3,amenity_mosque|islamabad|tag:building=mosque,24,24,0.025918,0.176471,1.0,6.8088235294117645,176470588235.29413,0.022111406033521637,344.3066666666666,143.12116864484156,5.5301644009065455e-33,0.07474913561882374
95,amenity:mosque,3,islamabad_اسلام|masjid|tag:amenity=place_of_worship,21,21,0.022678,0.154412,1.0,6.8088235294117645,154411764705.88235,0.019347480279331437,294.2987012987013,124.81589210269742,5.5842663713525e-29,0.06505300071724847
96,amenity:mosque,3,amenity_mosque|jamia|tag:amenity=place_of_worship,16,16,0.017279,0.117647,1.0,6.8088235294117645,117647058823.52942,0.014740937355681093,216.48547717842325,94.5753070458953,2.359432928908631e-22,0.04912781753093043
97,amenity:mosque,3,amenity_mosque|masjid_amenity|tag:amenity=place_of_worship,15,15,0.016199,0.110294,1.0,6.8088235294117645,110294117647.05882,0.013819628770951026,201.69135802469137,88.56702395557564,4.9141323049899416e-21,0.04597702926078895
98,amenity:mosque,3,amenity_mosque|tag:amenity=place_of_worship|مسجد,14,14,0.015119,0.102941,1.0,6.8088235294117645,102941176470.58823,0.012898320186220957,187.13877551020408,82.57191692466459,1.018945178683644e-19,0.04283740686108037
99,amenity:mosque,3,jamia|tag:amenity=place_of_worship|آباد,14,14,0.015119,0.102941,1.0,6.8088235294117645,102941176470.58823,0.012898320186220957,187.13877551020408,82.57191692466459,1.018945178683644e-19,0.04283740686108037
100,amenity:mosque,3,amenity_mosque|tag:amenity=place_of_worship|tag:building=mosque,13,13,0.014039,0.095588,1.0,6.8088235294117645,95588235294.11765,0.011977011601490888,172.82186234817814,76.58994265833388,2.104084777940043e-18,0.03970884666313665
101,amenity:mosque,3,jamia|masjid|tag:amenity=place_of_worship,13,13,0.014039,0.095588,1.0,6.8088235294117645,95588235294.11765,0.011977011601490888,172.82186234817814,76.58994265833388,2.104084777940043e-18,0.03970884666313665
102,amenity:mosque,3,amenity_mosque|jamia_masjid|tag:amenity=place_of_worship,12,12,0.012959,0.088235,1.0,6.8088235294117645,88235294117.64706,0.011055703016760818,158.73493975903614,70.62105805122926,4.3287176040281464e-17,0.036591246710399136
103,amenity:mosque,3,amenity_mosque|mosque_amenity|tag:amenity=place_of_worship,12,12,0.012959,0.088235,1.0,6.8088235294117645,88235294117.64706,0.011055703016760818,158.73493975903614,70.62105805122926,4.3287176040281464e-17,0.036591246710399136
104,amenity:mosque,3,amenity_mosque|tag:building=mosque|آباد,10,10,0.010799,0.073529,1.0,6.8088235294117645,73529411764.70589,0.009213085847300682,131.22924901185772,58.722386334446426,1.8156390699236958e-14,0.03038852802712908
105,amenity:mosque,3,jamia_masjid|tag:amenity=place_of_worship|آباد,10,10,0.010799,0.073529,1.0,6.8088235294117645,73529411764.70589,0.009213085847300682,131.22924901185772,58.722386334446426,1.8156390699236958e-14,0.03038852802712908
106,amenity:mosque,3,masjid_amenity|tag:amenity=place_of_worship|آباد,9,9,0.009719,0.066176,1.0,6.8088235294117645,66176470588.2353,0.008291777262570615,117.8,52.79251395214574,3.7071151861609894e-13,0.027303213577033268
107,amenity:mosque,3,tag:amenity=place_of_worship|tag:building=mosque|آباد,9,9,0.009719,0.066176,1.0,6.8088235294117645,66176470588.2353,0.008291777262570615,117.8,52.79251395214574,3.7071151861609894e-13,0.027303213577033268
108,amenity:mosque,3,amenity_mosque|masjid|tag:building=mosque,8,8,0.008639,0.058824,1.0,6.8088235294117645,58823529411.76471,0.0073704686778405465,104.57976653696498,46.87556068178906,7.564010084017582e-12,0.024228467856432977
109,amenity:mosque,3,tag:amenity=place_of_worship|آباد|مسجد,8,8,0.008639,0.058824,1.0,6.8088235294117645,58823529411.76471,0.0073704686778405465,104.57976653696498,46.87556068178906,7.564010084017582e-12,0.024228467856432977
110,amenity:mosque,3,amenity_mosque|islamabad_اسلام|tag:building=mosque,7,7,0.007559,0.051471,1.0,6.8088235294117645,51470588235.29411,0.006449160093110478,91.56370656370656,40.97148434999679,1.5446660076390216e-10,0.021164196872472826
111,amenity:mosque,3,amenity_mosque|masjid|tag:building=yes,7,7,0.007559,0.051471,1.0,6.8088235294117645,51470588235.29411,0.006449160093110478,91.56370656370656,40.97148434999679,1.5446660076390216e-10,0.021164196872472826
112,amenity:mosque,3,amenity_mosque|mosque_amenity|tag:building=yes,7,7,0.007559,0.051471,1.0,6.8088235294117645,51470588235.29411,0.006449160093110478,91.56370656370656,40.97148434999679,1.5446660076390216e-10,0.021164196872472826
113,amenity:mosque,3,islamabad_اسلام|jamia|tag:amenity=place_of_worship,7,7,0.007559,0.051471,1.0,6.8088235294117645,51470588235.29411,0.006449160093110478,91.56370656370656,40.97148434999679,1.5446660076390216e-10,0.021164196872472826
114,amenity:mosque,3,amenity|tag:building=yes|آباد,14,6,0.015119,0.044118,0.42857142857142855,2.918067226890756,4.356617647058823,0.004259011330929378,4.585305386522425,9.00292538401103,0.0026954779536027974,0.005122581893444499
115,amenity:mosque,3,amenity_bank|bank_pakistan|tag:amenity=bank,3,0,0.00324,0.0,0.0,0.0,0.0,-0.0004758150665441365,0.8241758241758241,0.5181343171002646,0.4716386160190468,0.0007437239799066118
116,amenity:restaurant,3,amenity_restaurant|islamabad|tag:amenity=restaurant,74,74,0.079914,1.0,1.0,12.513513513513514,1000000000000.0,0.0735274223418498,254045.0,925.9999999999998,2.186863650577795e-203,0.4018747056263741
117,amenity:restaurant,3,amenity_restaurant|tag:amenity=restaurant|آباد,49,49,0.052916,0.662162,1.0,12.513513513513514,662162162162.1622,0.04868707695608973,3309.705882352941,595.6831951678018,1.4546015317570419e-131,0.22491707249759596
118,amenity:restaurant,3,amenity_restaurant|restaurant_amenity|tag:amenity=restaurant,18,18,0.019438,0.243243,1.0,12.513513513513514,243243243243.24326,0.017885048677747248,558.2743362831859,211.35158947493747,6.966131853949986e-48,0.07431363176837115
119,amenity:restaurant,3,amenity_restaurant|g-11_اسلام|tag:amenity=restaurant,17,17,0.018359,0.22973,1.0,12.513513513513514,229729729729.72974,0.016891434862316847,518.9130434782609,199.39024172687542,2.837238157846979e-45,0.06998622086110538
120,amenity:restaurant,3,restaurant_amenity|tag:amenity=restaurant|آباد,15,15,0.016199,0.202703,1.0,12.513513513513514,202702702702.70273,0.014904207231456041,444.15966386554624,175.54632568902602,4.548877359483753e-40,0.061407791199910244
121,amenity:restaurant,3,amenity_restaurant|islamabad_sachal|tag:amenity=restaurant,14,14,0.015119,0.189189,1.0,12.513513513513514,189189189189.1892,0.013910593416025638,408.6363636363636,163.66358463726888,1.7916532683425295e-37,0.05715584952559753
122,amenity:restaurant,3,amenity_restaurant|islamabad|tag:building=yes,13,13,0.014039,0.175676,1.0,12.513513513513514,175675675675.6757,0.012916979600595234,374.2682926829268,151.80687368639178,6.982892872766814e-35,0.052928167168658724
123,amenity:restaurant,3,amenity_restaurant|islamabad_اسلام|tag:amenity=restaurant,10,10,0.010799,0.135135,1.0,12.513513513513514,135135135135.13515,0.009936138154304027,277.55813953488376,116.39206892482001,3.900384008716961e-27,0.04038650534085953
124,amenity:restaurant,3,g-11_اسلام|restaurant_amenity|tag:amenity=restaurant,7,7,0.007559,0.094595,1.0,12.513513513513514,94594594594.5946,0.006955296708012819,189.44444444444443,81.20848160456431,2.0311835687457536e-19,0.028048707849335244
125,amenity:restaurant,3,amenity_restaurant|islamabad_shabir|tag:amenity=restaurant,6,6,0.006479,0.081081,1.0,12.513513513513514,81081081081.08109,0.005961682892582416,161.7883211678832,69.5316098707403,7.519964110429913e-17,0.023979697817099993
126,amenity:restaurant,3,amenity_restaurant|markaz|tag:amenity=restaurant,5,5,0.0054,0.067568,1.0,12.513513513513514,67567567567.56757,0.004968069077152013,134.92805755395682,57.880095078792145,2.7859195201215288e-14,0.019931906706274507
127,amenity:restaurant,3,amenity_restaurant|cafe|tag:amenity=restaurant,4,4,0.00432,0.054054,1.0,12.513513513513514,54054054054.05406,0.003974455261721611,108.82978723404254,46.25385472240136,1.0388196895359805e-11,0.015905004268612133
128,amenity:restaurant,3,amenity_restaurant|islamabad_service|tag:amenity=restaurant,4,4,0.00432,0.054054,1.0,12.513513513513514,54054054054.05406,0.003974455261721611,108.82978723404254,46.25385472240136,1.0388196895359805e-11,0.015905004268612133
129,amenity:restaurant,3,amenity_restaurant|naan|tag:amenity=restaurant,4,4,0.00432,0.054054,1.0,12.513513513513514,54054054054.05406,0.003974455261721611,108.82978723404254,46.25385472240136,1.0388196895359805e-11,0.015905004268612133
130,amenity:restaurant,3,amenity_restaurant|tag:amenity=restaurant|پیزا,4,4,0.00432,0.054054,1.0,12.513513513513514,54054054054.05406,0.003974455261721611,108.82978723404254,46.25385472240136,1.0388196895359805e-11,0.015905004268612133
131,amenity:restaurant,3,islamabad_sachal|restaurant_amenity|tag:amenity=restaurant,4,4,0.00432,0.054054,1.0,12.513513513513514,54054054054.05406,0.003974455261721611,108.82978723404254,46.25385472240136,1.0388196895359805e-11,0.015905004268612133
132,amenity:restaurant,3,markaz|tag:amenity=restaurant|آباد,4,4,0.00432,0.054054,1.0,12.513513513513514,54054054054.05406,0.003974455261721611,108.82978723404254,46.25385472240136,1.0388196895359805e-11,0.015905004268612133
133,amenity:restaurant,3,amenity|tag:building=yes|آباد,14,3,0.015119,0.040541,0.21428571428571427,2.6814671814671813,3.14004914004914,0.00203154373999972,3.5819397993311037,3.4907046097511265,0.06171431224649382,0.0019460369109655616
134,amenity:restaurant,3,amenity_bank|bank_pakistan|tag:amenity=bank,3,0,0.00324,0.0,0.0,0.0,0.0,-0.0002588993744431331,1.6289549376797698,0.26141028184273574,0.6091529236896454,0.00038994232834215983
135,amenity:restaurant,2,islamabad|tag:tourism=hotel,58,1,0.062635,0.013514,0.017241379310344827,0.2157502329916123,0.20199146514935992,-0.003925474298989125,0.2823425022182786,3.305370728111568,0.06905376223917152,0.0036212941932641882
136,amenity:school,3,amenity_school|islamabad|tag:amenity=school,100,100,0.107991,1.0,1.0,9.26,1000000000000.0,0.0963292267072198,332253.0,926.0,2.186863650577546e-203,0.4938274076987521
137,amenity:school,3,amenity_school|tag:amenity=school|آباد,48,48,0.051836,0.48,1.0,9.26,480000000000.0,0.0462380288194655,1527.0571428571427,418.15544419134403,6.150886741401188e-93,0.18627823923628367
138,amenity:school,3,amenity_school|model|tag:amenity=school,32,32,0.034557,0.32,1.0,9.26,320000000000.0,0.030825352546310338,784.2700729927006,273.7811185682327,1.7015775225165403e-61,0.11908946456656971
139,amenity:school,3,amenity_school|islamabad_اسلام|tag:amenity=school,31,31,0.033477,0.31,1.0,9.26,310000000000.0,0.02986206027923814,749.2014388489208,264.9291173184358,1.4458533472720685e-59,0.11508631302753936
140,amenity:school,3,amenity_school|school_amenity|tag:amenity=school,30,30,0.032397,0.3,1.0,9.26,300000000000.0,0.028898768012165944,715.127659574468,256.096875,1.217106333749768e-57,0.11110400101948242
141,amenity:school,3,amenity_school|model_school|tag:amenity=school,23,23,0.024838,0.23,1.0,9.26,230000000000.0,0.022155722142660553,501.2322580645161,194.81891472868216,2.8218463919895105e-44,0.08378548735399442
142,amenity:school,3,school_amenity|tag:amenity=school|آباد,17,17,0.018359,0.17,1.0,9.26,170000000000.00003,0.016375968540227367,346.4371257485029,143.04611661166118,5.743118082966129e-33,0.06109580193397153
143,amenity:school,3,amenity_school|federal_government|tag:amenity=school,16,16,0.017279,0.16,1.0,9.26,160000000000.0,0.015412676273155169,322.77514792899404,134.4836923076923,4.282240994814306e-31,0.05737524676739621
144,amenity:school,3,amenity_school|islamabad_model|tag:amenity=school,16,16,0.017279,0.16,1.0,9.26,160000000000.0,0.015412676273155169,322.77514792899404,134.4836923076923,4.282240994814306e-31,0.05737524676739621
145,amenity:school,3,model|tag:amenity=school|آباد,16,16,0.017279,0.16,1.0,9.26,160000000000.0,0.015412676273155169,322.77514792899404,134.4836923076923,4.282240994814306e-31,0.05737524676739621
146,amenity:school,3,amenity_school|girls|tag:amenity=school,12,12,0.012959,0.12,1.0,9.26,120000000000.0,0.011559507204866376,233.47457627118644,100.42135667396062,1.2319256094820785e-23,0.04265924604591027
147,amenity:school,3,federal_government|tag:amenity=school|آباد,12,12,0.012959,0.12,1.0,9.26,120000000000.0,0.011559507204866376,233.47457627118644,100.42135667396062,1.2319256094820785e-23,0.04265924604591027
148,amenity:school,3,islamabad_اسلام|model|tag:amenity=school,12,12,0.012959,0.12,1.0,9.26,120000000000.0,0.011559507204866376,233.47457627118644,100.42135667396062,1.2319256094820785e-23,0.04265924604591027
149,amenity:school,3,islamabad_اسلام|school_amenity|tag:amenity=school,11,11,0.011879,0.11,1.0,9.26,110000000000.0,0.010596214937794179,212.39664804469274,91.95230601092896,8.87908405993588e-22,0.039020756399222825
150,amenity:school,3,model_school|tag:amenity=school|آباد,11,11,0.011879,0.11,1.0,9.26,110000000000.0,0.010596214937794179,212.39664804469274,91.95230601092896,8.87908405993588e-22,0.039020756399222825
151,amenity:school,3,amenity_school|no|tag:amenity=school,10,10,0.010799,0.1,1.0,9.26,100000000000.0,0.009632922670721978,191.7845303867403,83.50174672489085,6.36596974221253e-20,0.03539806986433744
152,amenity:school,3,federal_government|model|tag:amenity=school,10,10,0.010799,0.1,1.0,9.26,100000000000.0,0.009632922670721978,191.7845303867403,83.50174672489085,6.36596974221253e-20,0.03539806986433744
153,amenity:school,3,islamabad_model|model_school|tag:amenity=school,10,10,0.010799,0.1,1.0,9.26,100000000000.0,0.009632922670721978,191.7845303867403,83.50174672489085,6.36596974221253e-20,0.03539806986433744
154,amenity:school,3,federal_government|islamabad_اسلام|tag:amenity=school,9,9,0.009719,0.09,1.0,9.26,90000000000.0,0.008669630403649781,171.62295081967213,75.06961832061072,4.54405223418533e-18,0.03179099378285395
155,amenity:school,3,girls|model|tag:amenity=school,9,9,0.009719,0.09,1.0,9.26,90000000000.0,0.008669630403649781,171.62295081967213,75.06961832061072,4.54405223418533e-18,0.03179099378285395
156,amenity:school,3,model|school_amenity|tag:amenity=school,9,9,0.009719,0.09,1.0,9.26,90000000000.0,0.008669630403649781,171.62295081967213,75.06961832061072,4.54405223418533e-18,0.03179099378285395
157,amenity:school,3,amenity_school|college|tag:amenity=school,8,8,0.008639,0.08,1.0,9.26,80000000000.0,0.007706338136577584,151.89729729729729,66.65586056644881,3.2329366666284395e-16,0.028199339767684444
158,amenity:school,3,federal_government|model_school|tag:amenity=school,8,8,0.008639,0.08,1.0,9.26,80000000000.0,0.007706338136577584,151.89729729729729,66.65586056644881,3.2329366666284395e-16,0.028199339767684444
159,amenity:school,3,federal_government|no|tag:amenity=school,8,8,0.008639,0.08,1.0,9.26,80000000000.0,0.007706338136577584,151.89729729729729,66.65586056644881,3.2329366666284395e-16,0.028199339767684444
160,amenity:school,3,islamabad_اسلام|model_school|tag:amenity=school,8,8,0.008639,0.08,1.0,9.26,80000000000.0,0.007706338136577584,151.89729729729729,66.65586056644881,3.2329366666284395e-16,0.028199339767684444
161,amenity:school,3,amenity_school|boys|tag:amenity=school,7,7,0.007559,0.07,1.0,9.26,70000000000.00002,0.006743045869505386,132.59358288770053,58.26041349292709,2.2961832036362423e-14,0.02462292356364005
162,amenity:school,3,amenity_school|school_no|tag:amenity=school,7,7,0.007559,0.07,1.0,9.26,70000000000.00002,0.006743045869505386,132.59358288770053,58.26041349292709,2.2961832036362423e-14,0.02462292356364005
163,amenity:school,3,federal_government|girls|tag:amenity=school,7,7,0.007559,0.07,1.0,9.26,70000000000.00002,0.006743045869505386,132.59358288770053,58.26041349292709,2.2961832036362423e-14,0.02462292356364005
164,amenity:school,3,islamabad_model|tag:amenity=school|آباد,7,7,0.007559,0.07,1.0,9.26,70000000000.00002,0.006743045869505386,132.59358288770053,58.26041349292709,2.2961832036362423e-14,0.02462292356364005
165,amenity:school,3,amenity_school|junior|tag:amenity=school,6,6,0.006479,0.06,1.0,9.26,60000000000.0,0.005779753602433188,113.69841269841268,49.88321739130435,1.6317439418610334e-12,0.02106156491401616
166,amenity:school,3,amenity_school|no_amenity|tag:amenity=school,6,6,0.006479,0.06,1.0,9.26,60000000000.0,0.005779753602433188,113.69841269841268,49.88321739130435,1.6317439418610334e-12,0.02106156491401616
167,amenity:school,3,federal_government|school_no|tag:amenity=school,6,6,0.006479,0.06,1.0,9.26,60000000000.0,0.005779753602433188,113.69841269841268,49.88321739130435,1.6317439418610334e-12,0.02106156491401616
168,amenity:school,3,girls|tag:amenity=school|آباد,6,6,0.006479,0.06,1.0,9.26,60000000000.0,0.005779753602433188,113.69841269841268,49.88321739130435,1.6317439418610334e-12,0.02106156491401616
169,amenity:school,3,islamabad_model|islamabad_اسلام|tag:amenity=school,6,6,0.006479,0.06,1.0,9.26,60000000000.0,0.005779753602433188,113.69841269841268,49.88321739130435,1.6317439418610334e-12,0.02106156491401616
170,amenity:school,3,model_school|no|tag:amenity=school,6,6,0.006479,0.06,1.0,9.26,60000000000.0,0.005779753602433188,113.69841269841268,49.88321739130435,1.6317439418610334e-12,0.02106156491401616
171,amenity:school,3,model_school|school_amenity|tag:amenity=school,6,6,0.006479,0.06,1.0,9.26,60000000000.0,0.005779753602433188,113.69841269841268,49.88321739130435,1.6317439418610334e-12,0.02106156491401616
172,amenity:school,3,no|tag:amenity=school|آباد,6,6,0.006479,0.06,1.0,9.26,60000000000.0,0.005779753602433188,113.69841269841268,49.88321739130435,1.6317439418610334e-12,0.02106156491401616
173,amenity:school,3,amenity_school|government_girls|tag:amenity=school,5,5,0.0054,0.05,1.0,9.26,50000000000.0,0.004816461335360989,95.19895287958114,41.5242128121607,1.1642004832539605e-10,0.017515087432857904
174,amenity:school,3,amenity_school|government_junior|tag:amenity=school,5,5,0.0054,0.05,1.0,9.26,50000000000.0,0.004816461335360989,95.19895287958114,41.5242128121607,1.1642004832539605e-10,0.017515087432857904
175,amenity:school,3,amenity_school|international|tag:amenity=school,5,5,0.0054,0.05,1.0,9.26,50000000000.0,0.004816461335360989,95.19895287958114,41.5242128121607,1.1642004832539605e-10,0.017515087432857904
176,amenity:school,3,amenity_school|islamabad_amenity|tag:amenity=school,5,5,0.0054,0.05,1.0,9.26,50000000000.0,0.004816461335360989,95.19895287958114,41.5242128121607,1.1642004832539605e-10,0.017515087432857904
177,amenity:school,3,amenity_school|junior_model|tag:amenity=school,5,5,0.0054,0.05,1.0,9.26,50000000000.0,0.004816461335360989,95.19895287958114,41.5242128121607,1.1642004832539605e-10,0.017515087432857904
178,amenity:school,3,amenity_school|model_college|tag:amenity=school,5,5,0.0054,0.05,1.0,9.26,50000000000.0,0.004816461335360989,95.19895287958114,41.5242128121607,1.1642004832539605e-10,0.017515087432857904
179,amenity:school,3,boys|model|tag:amenity=school,5,5,0.0054,0.05,1.0,9.26,50000000000.0,0.004816461335360989,95.19895287958114,41.5242128121607,1.1642004832539605e-10,0.017515087432857904
180,amenity:school,3,girls|islamabad_model|tag:amenity=school,5,5,0.0054,0.05,1.0,9.26,50000000000.0,0.004816461335360989,95.19895287958114,41.5242128121607,1.1642004832539605e-10,0.017515087432857904
181,amenity:school,3,girls|islamabad_اسلام|tag:amenity=school,5,5,0.0054,0.05,1.0,9.26,50000000000.0,0.004816461335360989,95.19895287958114,41.5242128121607,1.1642004832539605e-10,0.017515087432857904
182,amenity:school,3,islamabad_اسلام|no|tag:amenity=school,5,5,0.0054,0.05,1.0,9.26,50000000000.0,0.004816461335360989,95.19895287958114,41.5242128121607,1.1642004832539605e-10,0.017515087432857904
183,amenity:school,3,model_school|school_no|tag:amenity=school,5,5,0.0054,0.05,1.0,9.26,50000000000.0,0.004816461335360989,95.19895287958114,41.5242128121607,1.1642004832539605e-10,0.017515087432857904
184,amenity:school,3,no_amenity|school_no|tag:amenity=school,5,5,0.0054,0.05,1.0,9.26,50000000000.0,0.004816461335360989,95.19895287958114,41.5242128121607,1.1642004832539605e-10,0.017515087432857904
185,amenity:school,3,school_no|tag:amenity=school|آباد,5,5,0.0054,0.05,1.0,9.26,50000000000.0,0.004816461335360989,95.19895287958114,41.5242128121607,1.1642004832539605e-10,0.017515087432857904
186,amenity:school,3,amenity_bank|bank_pakistan|tag:amenity=bank,3,0,0.00324,0.0,0.0,0.0,0.0,-0.0003498640195177474,1.1705756929637527,0.3643766116910065,0.546085567519646,0.0005350561192930182
187,amenity:school,3,amenity|islamabad|tag:building=yes,65,1,0.070194,0.01,0.015384615384615385,0.14246153846153847,0.1290625,-0.006500473482639746,0.17821666471894354,6.223695840685623,0.01260517183911595,0.00714703774439006
188,building:residential,3,building_residential|islamabad|tag:building=residential,24,24,0.025918,1.0,1.0,38.583333333333336,1000000000000.0,0.025246187648400652,88445.0,926.0,2.186863650577546e-203,0.17348789924980296
189,building:residential,3,building_residential|tag:building=residential|آباد,4,4,0.00432,0.166667,1.0,38.583333333333336,166666666666.66666,0.00420769794140011,396.2195121951219,150.98553868402024,1.055720558402179e-34,0.023301548275992096
190,building:residential,3,amenity_bank|bank_pakistan|tag:amenity=bank,3,0,0.00324,0.0,0.0,0.0,0.0,-8.396736468425938e-05,5.244897959183673,0.08008206153173518,0.7771862343722343,0.0001229386966131155
191,highway:bus_stop,3,bus_stop|islamabad|tag:highway=bus_stop,70,70,0.075594,1.0,1.0,13.228571428571428,1000000000000.0,0.06987950683167808,241533.0,926.0,2.186863650577546e-203,0.3864606602089087
192,highway:bus_stop,3,bus_stop|station|tag:highway=bus_stop,36,36,0.038877,0.514286,1.0,13.228571428571428,514285714285.71423,0.035938032084863014,1812.304347826087,458.035569823435,1.2864329833683216e-101,0.16156942797569784
193,highway:bus_stop,3,bus_stop|station_bus|tag:highway=bus_stop,34,34,0.036717,0.485714,1.0,13.228571428571428,485714285714.2857,0.033941474746815074,1619.13698630137,431.61921844971175,7.2188299373285095e-96,0.1514826145095493
194,highway:bus_stop,3,bus_stop|metro|tag:highway=bus_stop,20,20,0.021598,0.285714,1.0,13.228571428571428,285714285714.2857,0.019965573380479454,695.3762376237624,249.97035635446233,2.635738153680193e-56,0.08507602777503061
195,highway:bus_stop,3,bus_stop|metro_bus|tag:highway=bus_stop,14,14,0.015119,0.2,1.0,13.228571428571428,200000000000.0,0.013975901366335619,439.6194690265487,173.82807017543863,1.079271743642123e-39,0.05850377368230307
196,highway:bus_stop,3,bus_stop|tag:highway=bus_stop|terminal,11,11,0.011879,0.157143,1.0,13.228571428571428,157142857142.85715,0.0109810653592637,331.0840336134454,136.13139734582356,1.8675398579472345e-31,0.04557742200145183
197,highway:bus_stop,3,bus_stop|bus_terminal|tag:highway=bus_stop,10,10,0.010799,0.142857,1.0,13.228571428571428,142857142857.14285,0.009982786690239727,297.297520661157,123.6207111665627,1.019889995373983e-28,0.04131865826408389
198,highway:bus_stop,3,metro|station|tag:highway=bus_stop,10,10,0.010799,0.142857,1.0,13.228571428571428,142857142857.14285,0.009982786690239727,297.297520661157,123.6207111665627,1.019889995373983e-28,0.04131865826408389
199,highway:bus_stop,3,metro|station_bus|tag:highway=bus_stop,8,8,0.008639,0.114286,1.0,13.228571428571428,114285714285.71428,0.007986229352191782,232.96800000000002,98.68110799875505,2.9661835307336546e-23,0.03287350723859793
200,highway:bus_stop,3,bus_stop|metro_station|tag:highway=bus_stop,6,6,0.006479,0.085714,1.0,13.228571428571428,85714285714.28572,0.005989672014143836,172.62790697674419,73.84993788819875,8.428705800393774e-18,0.024522100263505556
201,highway:bus_stop,3,bus_stop|stop_bus|tag:highway=bus_stop,6,6,0.006479,0.085714,1.0,13.228571428571428,85714285714.28572,0.005989672014143836,172.62790697674419,73.84993788819875,8.428705800393774e-18,0.024522100263505556
202,highway:bus_stop,3,bus_stop|faizabad|tag:highway=bus_stop,5,5,0.0054,0.071429,1.0,13.228571428571428,71428571428.57143,0.0049913933451198635,143.83969465648855,61.474794478051805,4.48447386564374e-15,0.020380565669072048
203,highway:bus_stop,3,bus_station|bus_stop|tag:highway=bus_stop,4,4,0.00432,0.057143,1.0,13.228571428571428,57142857142.85714,0.003993114676095891,115.9172932330827,49.12649519677719,2.3997677661001977e-12,0.016261309411057745
204,highway:bus_stop,3,amenity_bank|bank_pakistan|tag:amenity=bank,3,0,0.00324,0.0,0.0,0.0,0.0,-0.0002449048136624232,1.7294832826747721,0.24612448233614484,0.6198172662485162,0.00036801167067922376
205,historic:monument,3,historic_monument|islamabad|tag:historic=monument,10,10,0.010799,1.0,1.0,92.60000000000001,1000000000000.0,0.010682514729275222,38493.0,926.0,2.186863650577546e-203,0.08604554217419501
206,historic:monument,3,historic_monument|monument_historic|tag:historic=monument,3,3,0.00324,0.3,1.0,92.60000000000001,300000000000.0,0.0032047544187825665,855.4000000000001,275.6931744312026,6.518589475581652e-62,0.021941549954059156
207,historic:monument,3,amenity_bank|bank_pakistan|tag:amenity=bank,3,0,0.00324,0.0,0.0,0.0,0.0,-3.498640195177474e-05,12.428571428571429,0.03285754162191828,0.8561584047385822,5.083206341621294e-05
208,leisure:park,3,islamabad|leisure_park|tag:leisure=park,58,58,0.062635,1.0,1.0,15.965517241379311,1000000000000.0,0.05871184732867158,203228.99999999997,926.0,2.186863650577546e-203,0.3378172304749155
209,leisure:park,3,islamabad|tag:leisure=park|آباد,18,18,0.019438,0.310345,1.0,15.965517241379311,310344827586.2069,0.018220918136484285,793.4444444444443,274.71942883183954,1.0625824439723278e-61,0.08230704375477695
210,leisure:park,3,islamabad|park_leisure|tag:leisure=park,16,16,0.017279,0.275862,1.0,15.965517241379311,275862068965.5173,0.016196371676874922,674.364705882353,243.6583554376658,6.2667926587161706e-55,0.07265104536714281
211,leisure:park,3,park_leisure|tag:leisure=park|آباد,12,12,0.012959,0.206897,1.0,15.965517241379311,206896551724.13794,0.01214727875765619,466.9354838709677,181.94401267637514,1.8237940362080022e-41,0.053757074122167
212,leisure:park,3,islamabad_اسلام|leisure_park|tag:leisure=park,9,9,0.009719,0.155172,1.0,15.965517241379311,155172413793.10345,0.009110459068242142,333.3636363636363,136.0115819952619,1.9836997799410065e-31,0.0399272695535207
213,leisure:park,3,gali_اسلام|islamabad_gali|tag:leisure=park,6,6,0.006479,0.103448,1.0,15.965517241379311,103448275862.06897,0.006073639378828095,215.05714285714285,90.37871064467767,1.966709639915104e-21,0.026368513667485313
214,leisure:park,3,islamabad_اسلام|park_leisure|tag:leisure=park,5,5,0.0054,0.086207,1.0,15.965517241379311,86206896551.72415,0.005061366149023413,178.5700934579439,75.2338163165974,4.181437315945101e-18,0.021906256504653877
215,leisure:park,3,amenity_bank|bank_pakistan|tag:amenity=bank,3,0,0.00324,0.0,0.0,0.0,0.0,-0.00020292113132029348,2.1135531135531136,0.2011123814849394,0.6538244580128041,0.00030283042489909944
216,natural:tree,3,islamabad|natural_tree|tag:natural=tree,54,54,0.058315,1.0,1.0,17.14814814814815,1000000000000.0,0.05491465650350564,190205.0,925.9999999999999,2.1868636505776704e-203,0.3207208062383066
217,natural:tree,3,amenity_bank|bank_pakistan|tag:amenity=bank,3,0,0.00324,0.0,0.0,0.0,0.0,-0.00018892657053958364,2.27916120576671,0.18638365123699144,0.6659436728484105,0.00028130378851327903
218,natural:water,3,islamabad|natural_water|tag:natural=water,44,44,0.047516,1.0,1.0,21.045454545454543,1000000000000.0,0.045258409564815805,157085.0,925.9999999999999,2.1868636505776704e-203,0.2757507536686875
219,natural:water,3,amenity_bank|bank_pakistan|tag:amenity=bank,3,0,0.00324,0.0,0.0,0.0,0.0,-0.00015394016858780887,2.8234349919743176,0.15014629903965923,0.6983955889079276,0.00022791699918817352
220,place:locality,3,islamabad|locality_islamabad|tag:place=locality,6,6,0.006479,1.0,1.0,154.33333333333334,1000000000000.0,0.006437497959126553,23933.000000000004,926.0000000000002,2.186863650577297e-203,0.05642278728491021
221,place:locality,3,amenity_bank|bank_pakistan|tag:amenity=bank,3,0,0.00324,0.0,0.0,0.0,0.0,-2.0991841171064846e-05,20.164835164835168,0.01962880964718074,0.8885787258158762,3.043285072237119e-05
222,shop:bakery,3,bakery_islamabad|islamabad|tag:shop=bakery,36,36,0.038877,1.0,1.0,25.72222222222222,1000000000000.0,0.03736547728449543,130012.99999999999,926.0000000000001,2.1868636505774217e-203,0.23711886051534484
223,shop:bakery,3,bakery_islamabad|tag:shop=bakery|آباد,23,23,0.024838,0.638889,1.0,25.72222222222222,638888888888.8888,0.0238723882650943,3100.259259259259,583.0940076288912,7.962953076858183e-129,0.13111968997589077
224,shop:bakery,3,bakers|bakery_islamabad|tag:shop=bakery,17,17,0.018359,0.472222,1.0,25.72222222222222,472222222222.2222,0.017644808717678397,1598.3333333333333,428.13775822026645,4.132442574523819e-95,0.09333194543200915
225,shop:bakery,3,bakers_shop|bakery_islamabad|tag:shop=bakery,13,13,0.014039,0.361111,1.0,25.72222222222222,361111111111.1111,0.013493089019401125,1023.1276595744681,325.96507241085556,7.271368254856776e-73,0.06982794730104994
226,shop:bakery,3,bakers|tag:shop=bakery|آباد,12,12,0.012959,0.333333,1.0,25.72222222222222,333333333333.3333,0.012455159094831808,908.6734693877551,300.5616338439096,2.485482145543069e-67,0.06412516019577508
227,shop:bakery,3,bakers_shop|tag:shop=bakery|آباد,10,10,0.010799,0.277778,1.0,25.72222222222222,277777777777.7778,0.010379299245693174,705.6792452830189,249.92115477923346,2.701647350702605e-56,0.052906679937282236
228,shop:bakery,3,bakers|tag:shop=bakery|tehzeeb,6,6,0.006479,0.166667,1.0,25.72222222222222,166666666666.66666,0.006227579547415904,379.5573770491803,149.30072463768116,2.4649436222949843e-34,0.031151937199229048
229,shop:bakery,3,bakery_islamabad|islamabad_اسلام|tag:shop=bakery,5,5,0.0054,0.138889,1.0,25.72222222222222,138888888888.8889,0.005189649622846587,310.9682539682539,124.28218120400534,7.307622579719295e-29,0.025843512655430584
230,shop:bakery,3,bakers_shop|tag:shop=bakery|tehzeeb,4,4,0.00432,0.111111,1.0,25.72222222222222,111111111111.11111,0.00415171969827727,246.6,99.3179079296216,2.1505462572479384e-23,0.020583662819877138
231,shop:bakery,3,bakery_islamabad|bakery_shop|tag:shop=bakery,4,4,0.00432,0.111111,1.0,25.72222222222222,111111111111.11111,0.00415171969827727,246.6,99.3179079296216,2.1505462572479384e-23,0.020583662819877138
232,shop:bakery,3,bakery_islamabad|rahat|tag:shop=bakery,4,4,0.00432,0.111111,1.0,25.72222222222222,111111111111.11111,0.00415171969827727,246.6,99.3179079296216,2.1505462572479384e-23,0.020583662819877138
233,shop:bakery,3,bakery_islamabad|sweets|tag:shop=bakery,4,4,0.00432,0.111111,1.0,25.72222222222222,111111111111.11111,0.00415171969827727,246.6,99.3179079296216,2.1505462572479384e-23,0.020583662819877138
234,shop:bakery,3,tag:shop=bakery|tehzeeb_bakers|آباد,4,4,0.00432,0.111111,1.0,25.72222222222222,111111111111.11111,0.00415171969827727,246.6,99.3179079296216,2.1505462572479384e-23,0.020583662819877138
235,shop:bakery,3,bakers_shop|rahat_bakers|tag:shop=bakery,3,3,0.00324,0.083333,1.0,25.72222222222222,83333333333.33333,0.003113789773707952,186.07462686567163,74.40772842181293,6.35397700395982e-18,0.015370818184486924
236,shop:bakery,3,bakery_islamabad|markaz|tag:shop=bakery,3,3,0.00324,0.083333,1.0,25.72222222222222,83333333333.33333,0.003113789773707952,186.07462686567163,74.40772842181293,6.35397700395982e-18,0.015370818184486924
237,shop:bakery,3,bakery_islamabad|sweets_shop|tag:shop=bakery,3,3,0.00324,0.083333,1.0,25.72222222222222,83333333333.33333,0.003113789773707952,186.07462686567163,74.40772842181293,6.35397700395982e-18,0.015370818184486924
238,shop:bakery,3,amenity_bank|bank_pakistan|tag:amenity=bank,3,0,0.00324,0.0,0.0,0.0,0.0,-0.00012595104702638906,3.4735812133072406,0.12174272949712103,0.7271519915795472,0.0001856423187110441
239,shop:clothes,3,clothes_islamabad|islamabad|tag:shop=clothes,39,39,0.042117,1.0,1.0,23.743589743589745,1000000000000.0,0.04034282009059146,140225.0,926.0,2.186863650577546e-203,0.2519140878167466
240,shop:clothes,3,clothes_islamabad|tag:shop=clothes|آباد,20,20,0.021598,0.512821,1.0,23.743589743589745,512820512820.51276,0.0206886256874828,1866.025641025641,464.91311484688964,4.099442705820907e-103,0.10822606872234392
241,shop:clothes,3,clothes_islamabad|college|tag:shop=clothes,5,5,0.0054,0.128205,1.0,23.743589743589745,128205128205.12819,0.0051721564218707,282.97101449275357,114.33531000306245,1.1003580233626371e-26,0.025174251852853883
242,shop:clothes,3,bhitai_اسلام|clothes_islamabad|tag:shop=clothes,4,4,0.00432,0.102564,1.0,23.743589743589745,102564102564.10257,0.00413772513749656,224.99999999999997,91.36904165971411,1.1922726015470317e-21,0.020056145659368602
243,shop:clothes,3,clothes_islamabad|college_اسلام|tag:shop=clothes,4,4,0.00432,0.102564,1.0,23.743589743589745,102564102564.10257,0.00413772513749656,224.99999999999997,91.36904165971411,1.1922726015470317e-21,0.020056145659368602
244,shop:clothes,3,clothes_islamabad|outlet|tag:shop=clothes,3,3,0.00324,0.076923,1.0,23.743589743589745,76923076923.07693,0.00310329385312242,170.2054794520548,68.45253771147597,1.2996837134016384e-16,0.014980869620113104
245,shop:clothes,3,cloth|clothes_islamabad|tag:shop=clothes,3,3,0.00324,0.076923,1.0,23.743589743589745,76923076923.07693,0.00310329385312242,170.2054794520548,68.45253771147597,1.2996837134016384e-16,0.014980869620113104
246,shop:clothes,3,amenity_bank|bank_pakistan|tag:amenity=bank,3,0,0.00324,0.0,0.0,0.0,0.0,-0.0001364469676119215,3.1989150090415914,0.1323340267081633,0.7160242094987179,0.00020145054958008415
247,shop:supermarket,3,islamabad|shop_supermarket|tag:shop=supermarket,42,42,0.045356,1.0,1.0,22.047619047619047,1000000000000.0,0.04329917105551642,150365.0,925.9999999999998,2.186863650577795e-203,0.2663336162421658
248,shop:supermarket,3,islamabad|market_shop|tag:shop=supermarket,11,11,0.011879,0.261905,1.0,22.047619047619047,261904761904.76193,0.011340259085968587,645.8253968253969,234.3071558678116,6.855840410252296e-53,0.05537939299398338
249,shop:supermarket,3,islamabad|tag:shop=supermarket|آباد,11,11,0.011879,0.261905,1.0,22.047619047619047,261904761904.76193,0.011340259085968587,645.8253968253969,234.3071558678116,6.855840410252296e-53,0.05537939299398338
250,shop:supermarket,3,islamabad|store_shop|tag:shop=supermarket,6,6,0.006479,0.142857,1.0,22.047619047619047,142857142857.14285,0.006185595865073774,315.027397260274,127.10931677018637,1.7581744384467336e-29,0.029586656938843513
251,shop:supermarket,3,carry|cash_carry|tag:shop=supermarket,4,4,0.00432,0.095238,1.0,22.047619047619047,95238095238.09523,0.0041237305767158495,206.76623376623377,84.55572771407908,3.735365032724782e-20,0.01956985483507319
252,shop:supermarket,3,islamabad|shop_supermarket|tag:building=yes,4,4,0.00432,0.095238,1.0,22.047619047619047,95238095238.09523,0.0041237305767158495,206.76623376623377,84.55572771407908,3.735365032724782e-20,0.01956985483507319
253,shop:supermarket,3,islamabad|tag:shop=supermarket|utility,4,4,0.00432,0.095238,1.0,22.047619047619047,95238095238.09523,0.0041237305767158495,206.76623376623377,84.55572771407908,3.735365032724782e-20,0.01956985483507319
254,shop:supermarket,3,store_shop|tag:shop=supermarket|آباد,4,4,0.00432,0.095238,1.0,22.047619047619047,95238095238.09523,0.0041237305767158495,206.76623376623377,84.55572771407908,3.735365032724782e-20,0.01956985483507319
255,shop:supermarket,3,carry_shop|cash_carry|tag:shop=supermarket,3,3,0.00324,0.071429,1.0,22.047619047619047,71428571428.57143,0.003092797932536887,156.74683544303798,63.348088531187145,1.7322339485545335e-15,0.01462097897499913
256,shop:supermarket,3,islamabad_اسلام|shop_supermarket|tag:shop=supermarket,3,3,0.00324,0.071429,1.0,22.047619047619047,71428571428.57143,0.003092797932536887,156.74683544303798,63.348088531187145,1.7322339485545335e-15,0.01462097897499913
257,shop:supermarket,3,islamabad|tag:building=yes|آباد,18,1,0.019438,0.02381,0.05555555555555555,1.2248677248677247,1.238095238095238,0.00019825627772672343,1.7917383820998278,0.04410104905699613,0.8336657235902111,3.2189522744252087e-05
258,shop:supermarket,3,amenity_bank|bank_pakistan|tag:amenity=bank,3,0,0.00324,0.0,0.0,0.0,0.0,-0.00014694288819745393,2.9630252100840337,0.14299721055185968,0.7053193747117996,0.00021731242849685114
259,tourism:hotel,3,hotel_islamabad|islamabad|tag:tourism=hotel,57,57,0.061555,1.0,1.0,16.24561403508772,1000000000000.0,0.05776604826257528,199985.0,925.9999999999999,2.1868636505776704e-203,0.3335873059717871
260,tourism:hotel,3,hotel_islamabad|tag:tourism=hotel|آباد,41,41,0.044276,0.719298,1.0,16.24561403508772,719298245614.0352,0.041551017171326074,4373.848484848485,654.0282287640006,2.972041868789475e-144,0.20885109750844494
261,tourism:hotel,3,hotel_islamabad|hotel_tourism|tag:tourism=hotel,23,23,0.024838,0.403509,1.0,16.24561403508772,403508771929.8245,0.023309107193670728,1184.536231884058,359.5803850712051,3.474993921135819e-80,0.10791298318454119
262,tourism:hotel,3,hotel_islamabad|islamabad_اسلام|tag:tourism=hotel,15,15,0.016199,0.263158,1.0,16.24561403508772,263157894736.8421,0.015201591648046128,634.2235294117646,232.44959269744064,1.7423656236608222e-52,0.06834754292076478
263,tourism:hotel,3,hotel_tourism|tag:tourism=hotel|آباد,14,14,0.015119,0.245614,1.0,16.24561403508772,245614035087.7193,0.014188152204843051,579.6666666666666,216.7150661742075,4.7090731470086304e-49,0.06357136460640866
264,tourism:hotel,3,hotel_islamabad|islamabad_service|tag:tourism=hotel,10,10,0.010799,0.175439,1.0,16.24561403508772,175438596491.22806,0.010134394432030751,384.41052631578947,154.12050869531907,2.179681451813051e-35,0.04480388577066618
265,tourism:hotel,3,hotel_islamabad|tag:tourism=hotel|راولپنڈی,6,6,0.006479,0.105263,1.0,16.24561403508772,105263157894.73683,0.00608063665921845,219.48543689320388,92.07025171624711,8.3653472984563945e-22,0.02654021345929781
266,tourism:hotel,3,hotel_tourism|islamabad_اسلام|tag:tourism=hotel,6,6,0.006479,0.105263,1.0,16.24561403508772,105263157894.73683,0.00608063665921845,219.48543689320388,92.07025171624711,8.3653472984563945e-22,0.02654021345929781
267,tourism:hotel,3,hotel_islamabad|islamabad|tag:building=yes,5,5,0.0054,0.087719,1.0,16.24561403508772,87719298245.61403,0.005067197216015376,182.1809523809524,76.64190334685792,2.0494459103028407e-18,0.022047993180135367
268,tourism:hotel,3,hotel_tourism|tag:tourism=hotel|راولپنڈی,5,5,0.0054,0.087719,1.0,16.24561403508772,87719298245.61403,0.005067197216015376,182.1809523809524,76.64190334685792,2.0494459103028407e-18,0.022047993180135367
269,tourism:hotel,3,f-6_اسلام|hotel_islamabad|tag:tourism=hotel,4,4,0.00432,0.070175,1.0,16.24561403508772,70175438596.49123,0.004053757772812301,146.27102803738316,61.24702211059101,5.034465121022291e-15,0.017584044392644424
270,tourism:hotel,3,hotel_islamabad|hotel_tourism|tag:building=yes,4,4,0.00432,0.070175,1.0,16.24561403508772,70175438596.49123,0.004053757772812301,146.27102803738316,61.24702211059101,5.034465121022291e-15,0.017584044392644424
271,tourism:hotel,3,hotel_islamabad|inn_tourism|tag:tourism=hotel,4,4,0.00432,0.070175,1.0,16.24561403508772,70175438596.49123,0.004053757772812301,146.27102803738316,61.24702211059101,5.034465121022291e-15,0.017584044392644424
272,tourism:hotel,3,hotel_islamabad|islamabad_murree|tag:tourism=hotel,4,4,0.00432,0.070175,1.0,16.24561403508772,70175438596.49123,0.004053757772812301,146.27102803738316,61.24702211059101,5.034465121022291e-15,0.017584044392644424
273,tourism:hotel,3,al|hotel_islamabad|tag:tourism=hotel,3,3,0.00324,0.052632,1.0,16.24561403508772,52631578947.368416,0.003040318329609225,111.67889908256882,45.885499230198995,1.2537054022536306e-11,0.013147803521993734
274,tourism:hotel,3,bismillah|hotel_islamabad|tag:tourism=hotel,3,3,0.00324,0.052632,1.0,16.24561403508772,52631578947.368416,0.003040318329609225,111.67889908256882,45.885499230198995,1.2537054022536306e-11,0.013147803521993734
275,tourism:hotel,3,city|hotel_islamabad|tag:tourism=hotel,3,3,0.00324,0.052632,1.0,16.24561403508772,52631578947.368416,0.003040318329609225,111.67889908256882,45.885499230198995,1.2537054022536306e-11,0.013147803521993734
276,tourism:hotel,3,g-11_اسلام|hotel_islamabad|tag:tourism=hotel,3,3,0.00324,0.052632,1.0,16.24561403508772,52631578947.368416,0.003040318329609225,111.67889908256882,45.885499230198995,1.2537054022536306e-11,0.013147803521993734
277,tourism:hotel,3,hotel_islamabad|hotel_one|tag:tourism=hotel,3,3,0.00324,0.052632,1.0,16.24561403508772,52631578947.368416,0.003040318329609225,111.67889908256882,45.885499230198995,1.2537054022536306e-11,0.013147803521993734
278,tourism:hotel,3,hotel_islamabad|house_tourism|tag:tourism=hotel,3,3,0.00324,0.052632,1.0,16.24561403508772,52631578947.368416,0.003040318329609225,111.67889908256882,45.885499230198995,1.2537054022536306e-11,0.013147803521993734
279,tourism:hotel,3,hotel_islamabad|islamabad_mangla|tag:tourism=hotel,3,3,0.00324,0.052632,1.0,16.24561403508772,52631578947.368416,0.003040318329609225,111.67889908256882,45.885499230198995,1.2537054022536306e-11,0.013147803521993734
280,tourism:hotel,3,hotel_islamabad|khan|tag:tourism=hotel,3,3,0.00324,0.052632,1.0,16.24561403508772,52631578947.368416,0.003040318329609225,111.67889908256882,45.885499230198995,1.2537054022536306e-11,0.013147803521993734
281,tourism:hotel,3,hotel_islamabad|murree_راولپنڈی|tag:tourism=hotel,3,3,0.00324,0.052632,1.0,16.24561403508772,52631578947.368416,0.003040318329609225,111.67889908256882,45.885499230198995,1.2537054022536306e-11,0.013147803521993734
282,tourism:hotel,3,hotel_islamabad|serena_hotel|tag:tourism=hotel,3,3,0.00324,0.052632,1.0,16.24561403508772,52631578947.368416,0.003040318329609225,111.67889908256882,45.885499230198995,1.2537054022536306e-11,0.013147803521993734
283,tourism:hotel,3,hotel_islamabad|tag:building=yes|آباد,3,3,0.00324,0.052632,1.0,16.24561403508772,52631578947.368416,0.003040318329609225,111.67889908256882,45.885499230198995,1.2537054022536306e-11,0.013147803521993734
284,tourism:hotel,3,hotel_tourism|islamabad_murree|tag:tourism=hotel,3,3,0.00324,0.052632,1.0,16.24561403508772,52631578947.368416,0.003040318329609225,111.67889908256882,45.885499230198995,1.2537054022536306e-11,0.013147803521993734
285,tourism:hotel,3,hotel_tourism|islamabad_service|tag:tourism=hotel,3,3,0.00324,0.052632,1.0,16.24561403508772,52631578947.368416,0.003040318329609225,111.67889908256882,45.885499230198995,1.2537054022536306e-11,0.013147803521993734
286,tourism:hotel,3,amenity_bank|bank_pakistan|tag:amenity=bank,3,0,0.00324,0.0,0.0,0.0,0.0,-0.00019942249112511604,2.1527950310559008,0.19741748713044843,0.6568135010523297,0.0002974394638868614
