pattern_id,class_label,k,items,wracc,lift,conf,ig,chi2,token_items
88,amenity:mosque,3,amenity_mosque|islamabad|tag:amenity=place_of_worship,0.1151635730912585,6.8088235294117645,1.0,0.5114411662360325,839.4148858045093,"['amenity_mosque', 'islamabad']"
136,amenity:school,3,amenity_school|islamabad|tag:amenity=school,0.0963292267072198,9.26,1.0,0.4938274076987521,926.0,"['amenity_school', 'islamabad']"
116,amenity:restaurant,3,amenity_restaurant|islamabad|tag:amenity=restaurant,0.0735274223418498,12.513513513513514,1.0,0.4018747056263741,925.9999999999998,"['amenity_restaurant', 'islamabad']"
191,highway:bus_stop,3,bus_stop|islamabad|tag:highway=bus_stop,0.069879506831678,13.228571428571428,1.0,0.3864606602089087,926.0,"['bus_stop', 'islamabad']"
89,amenity:mosque,3,amenity_mosque|tag:amenity=place_of_worship|آباد,0.0635702923463747,6.8088235294117645,1.0,0.2357023839040939,433.07931223831423,"['amenity_mosque', 'آباد']"
32,amenity:cafe,3,amenity_cafe|cafe_islamabad|tag:amenity=cafe,0.0605964481804738,15.433333333333332,1.0,0.3461915585411708,926.0,"['amenity_cafe', 'cafe_islamabad']"
208,leisure:park,3,islamabad|leisure_park|tag:leisure=park,0.0587118473286715,15.965517241379311,1.0,0.3378172304749155,926.0,"['islamabad', 'leisure_park']"
259,tourism:hotel,3,hotel_islamabad|islamabad|tag:tourism=hotel,0.0577660482625752,16.24561403508772,1.0,0.3335873059717871,926.0,"['hotel_islamabad', 'islamabad']"
216,natural:tree,3,islamabad|natural_tree|tag:natural=tree,0.0549146565035056,17.14814814814815,1.0,0.3207208062383066,926.0,"['islamabad', 'natural_tree']"
117,amenity:restaurant,3,amenity_restaurant|tag:amenity=restaurant|آباد,0.0486870769560897,12.513513513513514,1.0,0.2249170724975959,595.6831951678018,"['amenity_restaurant', 'آباد']"
0,amenity:bank,3,amenity_bank|bank_islamabad|tag:amenity=bank,0.047208318366928,20.130434782608692,1.0,0.2850191414888292,926.0000000000002,"['amenity_bank', 'bank_islamabad']"
137,amenity:school,3,amenity_school|tag:amenity=school|آباد,0.0462380288194655,9.26,1.0,0.1862782392362836,418.155444191344,"['amenity_school', 'آباد']"
52,amenity:hospital,3,amenity_hospital|hospital_islamabad|tag:amenity=hospital,0.0462345301792703,20.577777777777776,1.0,0.2804031441741461,926.0,"['amenity_hospital', 'hospital_islamabad']"
218,natural:water,3,islamabad|natural_water|tag:natural=water,0.0452584095648158,21.045454545454543,1.0,0.2757507536686875,926.0,"['islamabad', 'natural_water']"
247,shop:supermarket,3,islamabad|shop_supermarket|tag:shop=supermarket,0.0432991710555164,22.047619047619047,1.0,0.2663336162421658,925.9999999999998,"['islamabad', 'shop_supermarket']"
260,tourism:hotel,3,hotel_islamabad|tag:tourism=hotel|آباد,0.041551017171326,16.24561403508772,1.0,0.2088510975084449,654.0282287640006,"['hotel_islamabad', 'آباد']"
90,amenity:mosque,3,amenity_mosque|masjid|tag:amenity=place_of_worship,0.041458886312853,6.8088235294117645,1.0,0.1458974802247622,274.74878146491284,"['amenity_mosque', 'masjid']"
239,shop:clothes,3,clothes_islamabad|islamabad|tag:shop=clothes,0.0403428200905914,23.743589743589745,1.0,0.2519140878167466,926.0,"['clothes_islamabad', 'islamabad']"
33,amenity:cafe,3,amenity_cafe|tag:amenity=cafe|آباد,0.0373678097112922,15.433333333333332,1.0,0.1798676024860839,556.2596925384327,"['amenity_cafe', 'آباد']"
222,shop:bakery,3,bakery_islamabad|islamabad|tag:shop=bakery,0.0373654772844954,25.72222222222222,1.0,0.2371188605153448,926.0,"['bakery_islamabad', 'islamabad']"
192,highway:bus_stop,3,bus_stop|station|tag:highway=bus_stop,0.035938032084863,13.228571428571428,1.0,0.1615694279756978,458.035569823435,"['bus_stop', 'station']"
91,amenity:mosque,3,amenity_mosque|islamabad_اسلام|tag:amenity=place_of_worship,0.0359310348044726,6.8088235294117645,1.0,0.1249457139698062,236.50490748723388,"['amenity_mosque', 'islamabad_اسلام']"
193,highway:bus_stop,3,bus_stop|station_bus|tag:highway=bus_stop,0.033941474746815,13.228571428571428,1.0,0.1514826145095493,431.61921844971175,"['bus_stop', 'station_bus']"
1,amenity:bank,3,amenity_bank|tag:amenity=bank|آباد,0.0328405692987325,20.130434782608692,1.0,0.1727150204009468,634.0861783873164,"['amenity_bank', 'آباد']"
93,amenity:mosque,3,masjid|tag:amenity=place_of_worship|آباد,0.0313244918808223,6.8088235294117645,1.0,0.1078810482085458,205.0280269058296,"['masjid', 'آباد']"
138,amenity:school,3,amenity_school|model|tag:amenity=school,0.0308253525463103,9.26,1.0,0.1190894645665697,273.7811185682327,"['amenity_school', 'model']"
139,amenity:school,3,amenity_school|islamabad_اسلام|tag:amenity=school,0.0298620602792381,9.26,1.0,0.1150863130275393,264.9291173184358,"['amenity_school', 'islamabad_اسلام']"
140,amenity:school,3,amenity_school|school_amenity|tag:amenity=school,0.0288987680121659,9.26,1.0,0.1111040010194824,256.096875,"['amenity_school', 'school_amenity']"
53,amenity:hospital,3,amenity_hospital|tag:amenity=hospital|آباد,0.0277407181075621,20.577777777777776,1.0,0.1429654275730203,544.475639599555,"['amenity_hospital', 'آباد']"
81,amenity:marketplace,3,islamabad|marketbazaar_islamabad|tag:amenity=marketplace,0.0262689567987908,37.04,1.0,0.1791051497047649,926.0,"['islamabad', 'marketbazaar_islamabad']"
188,building:residential,3,building_residential|islamabad|tag:building=residential,0.0252461876484006,38.583333333333336,1.0,0.1734878992498029,926.0,"['building_residential', 'islamabad']"
223,shop:bakery,3,bakery_islamabad|tag:shop=bakery|آباد,0.0238723882650943,25.72222222222222,1.0,0.1311196899758907,583.0940076288912,"['bakery_islamabad', 'آباد']"
261,tourism:hotel,3,hotel_islamabad|hotel_tourism|tag:tourism=hotel,0.0233091071936707,16.24561403508772,1.0,0.1079129831845411,359.5803850712051,"['hotel_islamabad', 'hotel_tourism']"
141,amenity:school,3,amenity_school|model_school|tag:amenity=school,0.0221557221426605,9.26,1.0,0.0837854873539944,194.81891472868216,"['amenity_school', 'model_school']"
240,shop:clothes,3,clothes_islamabad|tag:shop=clothes|آباد,0.0206886256874828,23.743589743589745,1.0,0.1082260687223439,464.9131148468896,"['clothes_islamabad', 'آباد']"
194,highway:bus_stop,3,bus_stop|metro|tag:highway=bus_stop,0.0199655733804794,13.228571428571428,1.0,0.0850760277750306,249.97035635446235,"['bus_stop', 'metro']"
54,amenity:hospital,3,amenity_hospital|hospital_amenity|tag:amenity=hospital,0.0195212460756919,20.577777777777776,1.0,0.0965967479227235,379.7700355261545,"['amenity_hospital', 'hospital_amenity']"
95,amenity:mosque,3,islamabad_اسلام|masjid|tag:amenity=place_of_worship,0.0193474802793314,6.8088235294117645,1.0,0.0650530007172484,124.81589210269742,"['islamabad_اسلام', 'masjid']"
209,leisure:park,3,islamabad|tag:leisure=park|آباد,0.0182209181364842,15.965517241379311,1.0,0.0823070437547769,274.71942883183954,"['islamabad', 'آباد']"
34,amenity:cafe,3,amenity_cafe|cafe_amenity|tag:amenity=cafe,0.0181789344541421,15.433333333333332,1.0,0.0811727780335042,264.9502202643172,"['amenity_cafe', 'cafe_amenity']"
118,amenity:restaurant,3,amenity_restaurant|restaurant_amenity|tag:amenity=restaurant,0.0178850486777472,12.513513513513514,1.0,0.0743136317683711,211.35158947493747,"['amenity_restaurant', 'restaurant_amenity']"
224,shop:bakery,3,bakers|bakery_islamabad|tag:shop=bakery,0.0176448087176783,25.72222222222222,1.0,0.0933319454320091,428.1377582202665,"['bakers', 'bakery_islamabad']"
2,amenity:bank,3,amenity_bank|tag:amenity=bank|بینک,0.0174465524399516,20.130434782608692,1.0,0.0849132371993656,331.29956473908254,"['amenity_bank', 'بینک']"
119,amenity:restaurant,3,amenity_restaurant|g-11_اسلام|tag:amenity=restaurant,0.0168914348623168,12.513513513513514,1.0,0.0699862208611053,199.39024172687544,"['amenity_restaurant', 'g-11_اسلام']"
82,amenity:marketplace,3,islamabad|market_marketbazaar|tag:amenity=marketplace,0.0168121323512261,37.04,1.0,0.1004247885953328,586.7787252747253,"['islamabad', 'market_marketbazaar']"
142,amenity:school,3,school_amenity|tag:amenity=school|آباد,0.0163759685402273,9.26,1.0,0.0610958019339715,143.04611661166118,"['school_amenity', 'آباد']"
210,leisure:park,3,islamabad|park_leisure|tag:leisure=park,0.0161963716768749,15.965517241379311,1.0,0.0726510453671428,243.6583554376658,"['islamabad', 'park_leisure']"
35,amenity:cafe,3,amenity_cafe|islamabad_اسلام|tag:amenity=cafe,0.0161590528481263,15.433333333333332,1.0,0.0716652153932999,234.9936996336996,"['amenity_cafe', 'islamabad_اسلام']"
144,amenity:school,3,amenity_school|islamabad_model|tag:amenity=school,0.0154126762731551,9.26,1.0,0.0573752467673962,134.4836923076923,"['amenity_school', 'islamabad_model']"
145,amenity:school,3,model|tag:amenity=school|آباد,0.0154126762731551,9.26,1.0,0.0573752467673962,134.4836923076923,"['model', 'آباد']"
143,amenity:school,3,amenity_school|federal_government|tag:amenity=school,0.0154126762731551,9.26,1.0,0.0573752467673962,134.4836923076923,"['amenity_school', 'federal_government']"
262,tourism:hotel,3,hotel_islamabad|islamabad_اسلام|tag:tourism=hotel,0.0152015916480461,16.24561403508772,1.0,0.0683475429207647,232.44959269744064,"['hotel_islamabad', 'islamabad_اسلام']"
120,amenity:restaurant,3,restaurant_amenity|tag:amenity=restaurant|آباد,0.014904207231456,12.513513513513514,1.0,0.0614077911999102,175.54632568902602,"['restaurant_amenity', 'آباد']"
96,amenity:mosque,3,amenity_mosque|jamia|tag:amenity=place_of_worship,0.014740937355681,6.8088235294117645,1.0,0.0491278175309304,94.5753070458953,"['amenity_mosque', 'jamia']"
3,amenity:bank,3,tag:amenity=bank|آباد|بینک,0.0143677490681954,20.130434782608692,1.0,0.0690373434148076,271.9374523264684,"['آباد', 'بینک']"
263,tourism:hotel,3,hotel_tourism|tag:tourism=hotel|آباد,0.014188152204843,16.24561403508772,1.0,0.0635713646064086,216.7150661742075,"['hotel_tourism', 'آباد']"
195,highway:bus_stop,3,bus_stop|metro_bus|tag:highway=bus_stop,0.0139759013663356,13.228571428571428,1.0,0.058503773682303,173.82807017543865,"['bus_stop', 'metro_bus']"
121,amenity:restaurant,3,amenity_restaurant|islamabad_sachal|tag:amenity=restaurant,0.0139105934160256,12.513513513513514,1.0,0.0571558495255975,163.66358463726888,"['amenity_restaurant', 'islamabad_sachal']"
97,amenity:mosque,3,amenity_mosque|masjid_amenity|tag:amenity=place_of_worship,0.013819628770951,6.8088235294117645,1.0,0.0459770292607889,88.56702395557564,"['amenity_mosque', 'masjid_amenity']"
225,shop:bakery,3,bakers_shop|bakery_islamabad|tag:shop=bakery,0.0134930890194011,25.72222222222222,1.0,0.0698279473010499,325.9650724108556,"['bakers_shop', 'bakery_islamabad']"
99,amenity:mosque,3,jamia|tag:amenity=place_of_worship|آباد,0.0128983201862209,6.8088235294117645,1.0,0.0428374068610803,82.57191692466459,"['jamia', 'آباد']"
98,amenity:mosque,3,amenity_mosque|tag:amenity=place_of_worship|مسجد,0.0128983201862209,6.8088235294117645,1.0,0.0428374068610803,82.57191692466459,"['amenity_mosque', 'مسجد']"
226,shop:bakery,3,bakers|tag:shop=bakery|آباد,0.0124551590948318,25.72222222222222,1.0,0.064125160195775,300.5616338439096,"['bakers', 'آباد']"
55,amenity:hospital,3,hospital_amenity|tag:amenity=hospital|آباد,0.0123292080478054,20.577777777777776,1.0,0.0591681587255905,238.0177972283005,"['hospital_amenity', 'آباد']"
211,leisure:park,3,park_leisure|tag:leisure=park|آباد,0.0121472787576561,15.965517241379311,1.0,0.053757074122167,181.94401267637517,"['park_leisure', 'آباد']"
100,amenity:mosque,3,amenity_mosque|tag:amenity=place_of_worship|tag:building=mosque,0.0119770116014908,6.8088235294117645,1.0,0.0397088466631366,76.58994265833388,['amenity_mosque']
101,amenity:mosque,3,jamia|masjid|tag:amenity=place_of_worship,0.0119770116014908,6.8088235294117645,1.0,0.0397088466631366,76.58994265833388,"['jamia', 'masjid']"
146,amenity:school,3,amenity_school|girls|tag:amenity=school,0.0115595072048663,9.26,1.0,0.0426592460459102,100.42135667396062,"['amenity_school', 'girls']"
148,amenity:school,3,islamabad_اسلام|model|tag:amenity=school,0.0115595072048663,9.26,1.0,0.0426592460459102,100.42135667396062,"['islamabad_اسلام', 'model']"
147,amenity:school,3,federal_government|tag:amenity=school|آباد,0.0115595072048663,9.26,1.0,0.0426592460459102,100.42135667396062,"['federal_government', 'آباد']"
248,shop:supermarket,3,islamabad|market_shop|tag:shop=supermarket,0.0113402590859685,22.047619047619047,1.0,0.0553793929939833,234.3071558678116,"['islamabad', 'market_shop']"
103,amenity:mosque,3,amenity_mosque|mosque_amenity|tag:amenity=place_of_worship,0.0110557030167608,6.8088235294117645,1.0,0.0365912467103991,70.62105805122926,"['amenity_mosque', 'mosque_amenity']"
102,amenity:mosque,3,amenity_mosque|jamia_masjid|tag:amenity=place_of_worship,0.0110557030167608,6.8088235294117645,1.0,0.0365912467103991,70.62105805122926,"['amenity_mosque', 'jamia_masjid']"
196,highway:bus_stop,3,bus_stop|tag:highway=bus_stop|terminal,0.0109810653592637,13.228571428571428,1.0,0.0455774220014518,136.13139734582356,"['bus_stop', 'terminal']"
205,historic:monument,3,historic_monument|islamabad|tag:historic=monument,0.0106825147292752,92.6,1.0,0.086045542174195,926.0,"['historic_monument', 'islamabad']"
149,amenity:school,3,islamabad_اسلام|school_amenity|tag:amenity=school,0.0105962149377941,9.26,1.0,0.0390207563992228,91.95230601092896,"['islamabad_اسلام', 'school_amenity']"
150,amenity:school,3,model_school|tag:amenity=school|آباد,0.0105962149377941,9.26,1.0,0.0390207563992228,91.95230601092896,"['model_school', 'آباد']"
227,shop:bakery,3,bakers_shop|tag:shop=bakery|آباد,0.0103792992456931,25.72222222222222,1.0,0.0529066799372822,249.92115477923343,"['bakers_shop', 'آباد']"
4,amenity:bank,3,amenity_bank|tag:amenity=bank|بینک_amenity,0.0102626779058539,20.130434782608692,1.0,0.0485214936020289,193.39282323903555,"['amenity_bank', 'بینک_amenity']"
264,tourism:hotel,3,hotel_islamabad|islamabad_service|tag:tourism=hotel,0.0101343944320307,16.24561403508772,1.0,0.0448038857706661,154.12050869531907,"['hotel_islamabad', 'islamabad_service']"
37,amenity:cafe,3,cafe_amenity|tag:amenity=cafe|آباد,0.0100994080300789,15.433333333333332,1.0,0.0439274586980597,145.90902474526928,"['cafe_amenity', 'آباد']"
198,highway:bus_stop,3,metro|station|tag:highway=bus_stop,0.0099827866902397,13.228571428571428,1.0,0.0413186582640838,123.6207111665627,"['metro', 'station']"
197,highway:bus_stop,3,bus_stop|bus_terminal|tag:highway=bus_stop,0.0099827866902397,13.228571428571428,1.0,0.0413186582640838,123.6207111665627,"['bus_stop', 'bus_terminal']"
123,amenity:restaurant,3,amenity_restaurant|islamabad_اسلام|tag:amenity=restaurant,0.009936138154304,12.513513513513514,1.0,0.0403865053408595,116.39206892482,"['amenity_restaurant', 'islamabad_اسلام']"
151,amenity:school,3,amenity_school|no|tag:amenity=school,0.0096329226707219,9.26,1.0,0.0353980698643374,83.50174672489085,"['amenity_school', 'no']"
152,amenity:school,3,federal_government|model|tag:amenity=school,0.0096329226707219,9.26,1.0,0.0353980698643374,83.50174672489085,"['federal_government', 'model']"
153,amenity:school,3,islamabad_model|model_school|tag:amenity=school,0.0096329226707219,9.26,1.0,0.0353980698643374,83.50174672489085,"['islamabad_model', 'model_school']"
105,amenity:mosque,3,jamia_masjid|tag:amenity=place_of_worship|آباد,0.0092130858473006,6.8088235294117645,1.0,0.030388528027129,58.722386334446426,"['jamia_masjid', 'آباد']"
212,leisure:park,3,islamabad_اسلام|leisure_park|tag:leisure=park,0.0091104590682421,15.965517241379311,1.0,0.0399272695535207,136.0115819952619,"['islamabad_اسلام', 'leisure_park']"
156,amenity:school,3,model|school_amenity|tag:amenity=school,0.0086696304036497,9.26,1.0,0.0317909937828539,75.06961832061072,"['model', 'school_amenity']"
155,amenity:school,3,girls|model|tag:amenity=school,0.0086696304036497,9.26,1.0,0.0317909937828539,75.06961832061072,"['girls', 'model']"
154,amenity:school,3,federal_government|islamabad_اسلام|tag:amenity=school,0.0086696304036497,9.26,1.0,0.0317909937828539,75.06961832061072,"['federal_government', 'islamabad_اسلام']"
106,amenity:mosque,3,masjid_amenity|tag:amenity=place_of_worship|آباد,0.0082917772625706,6.8088235294117645,1.0,0.0273032135770332,52.79251395214574,"['masjid_amenity', 'آباد']"
107,amenity:mosque,3,tag:amenity=place_of_worship|tag:building=mosque|آباد,0.0082917772625706,6.8088235294117645,1.0,0.0273032135770332,52.79251395214574,['آباد']
5,amenity:bank,3,amenity_bank|bank_amenity|tag:amenity=bank,0.0082101423246831,20.130434782608692,1.0,0.0385182539712059,154.37719048972247,"['amenity_bank', 'bank_amenity']"
6,amenity:bank,3,tag:amenity=bank|آباد|بینک_amenity,0.0082101423246831,20.130434782608692,1.0,0.0385182539712059,154.37719048972247,"['آباد', 'بینک_amenity']"
199,highway:bus_stop,3,metro|station_bus|tag:highway=bus_stop,0.0079862293521917,13.228571428571428,1.0,0.0328735072385979,98.68110799875504,"['metro', 'station_bus']"
158,amenity:school,3,federal_government|model_school|tag:amenity=school,0.0077063381365775,9.26,1.0,0.0281993397676844,66.65586056644881,"['federal_government', 'model_school']"
157,amenity:school,3,amenity_school|college|tag:amenity=school,0.0077063381365775,9.26,1.0,0.0281993397676844,66.65586056644881,"['amenity_school', 'college']"
160,amenity:school,3,islamabad_اسلام|model_school|tag:amenity=school,0.0077063381365775,9.26,1.0,0.0281993397676844,66.65586056644881,"['islamabad_اسلام', 'model_school']"
159,amenity:school,3,federal_government|no|tag:amenity=school,0.0077063381365775,9.26,1.0,0.0281993397676844,66.65586056644881,"['federal_government', 'no']"
109,amenity:mosque,3,tag:amenity=place_of_worship|آباد|مسجد,0.0073704686778405,6.8088235294117645,1.0,0.0242284678564329,46.87556068178906,"['آباد', 'مسجد']"
56,amenity:hospital,3,amenity_hospital|international|tag:amenity=hospital,0.0071920380278864,20.577777777777776,1.0,0.0338364286613143,138.0883085479386,"['amenity_hospital', 'international']"
57,amenity:hospital,3,amenity_hospital|islamabad_اسلام|tag:amenity=hospital,0.0071920380278864,20.577777777777776,1.0,0.0338364286613143,138.0883085479386,"['amenity_hospital', 'islamabad_اسلام']"
7,amenity:bank,3,amenity_bank|islamabad_jinnah|tag:amenity=bank,0.0071838745340977,20.130434782608692,1.0,0.0335761482952066,134.9330557789658,"['amenity_bank', 'islamabad_jinnah']"
8,amenity:bank,3,amenity_bank|islamabad_اسلام|tag:amenity=bank,0.0071838745340977,20.130434782608692,1.0,0.0335761482952066,134.9330557789658,"['amenity_bank', 'islamabad_اسلام']"
124,amenity:restaurant,3,g-11_اسلام|restaurant_amenity|tag:amenity=restaurant,0.0069552967080128,12.513513513513514,1.0,0.0280487078493352,81.20848160456431,"['g-11_اسلام', 'restaurant_amenity']"
163,amenity:school,3,federal_government|girls|tag:amenity=school,0.0067430458695053,9.26,1.0,0.02462292356364,58.26041349292709,"['federal_government', 'girls']"
164,amenity:school,3,islamabad_model|tag:amenity=school|آباد,0.0067430458695053,9.26,1.0,0.02462292356364,58.26041349292709,"['islamabad_model', 'آباد']"
161,amenity:school,3,amenity_school|boys|tag:amenity=school,0.0067430458695053,9.26,1.0,0.02462292356364,58.26041349292709,"['amenity_school', 'boys']"
162,amenity:school,3,amenity_school|school_no|tag:amenity=school,0.0067430458695053,9.26,1.0,0.02462292356364,58.26041349292709,"['amenity_school', 'school_no']"
113,amenity:mosque,3,islamabad_اسلام|jamia|tag:amenity=place_of_worship,0.0064491600931104,6.8088235294117645,1.0,0.0211641968724728,40.97148434999679,"['islamabad_اسلام', 'jamia']"
220,place:locality,3,islamabad|locality_islamabad|tag:place=locality,0.0064374979591265,154.33333333333334,1.0,0.0564227872849102,926.0000000000002,"['islamabad', 'locality_islamabad']"
84,amenity:marketplace,3,market_marketbazaar|tag:amenity=marketplace|آباد,0.0063045496317098,37.04,1.0,0.0349584168911596,217.6502608695652,"['market_marketbazaar', 'آباد']"
228,shop:bakery,3,bakers|tag:shop=bakery|tehzeeb,0.0062275795474159,25.72222222222222,1.0,0.031151937199229,149.30072463768116,"['bakers', 'tehzeeb']"
250,shop:supermarket,3,islamabad|store_shop|tag:shop=supermarket,0.0061855958650737,22.047619047619047,1.0,0.0295866569388435,127.10931677018635,"['islamabad', 'store_shop']"
58,amenity:hospital,3,amenity_hospital|centre|tag:amenity=hospital,0.0061646040239027,20.577777777777776,1.0,0.0288926276792074,118.2327536231884,"['amenity_hospital', 'centre']"
9,amenity:bank,3,amenity_bank|tag:amenity=bank|اسٹینڈرڈ,0.0061576067435123,20.130434782608692,1.0,0.0286723000507833,115.53119092627595,"['amenity_bank', 'اسٹینڈرڈ']"
266,tourism:hotel,3,hotel_tourism|islamabad_اسلام|tag:tourism=hotel,0.0060806366592184,16.24561403508772,1.0,0.0265402134592978,92.07025171624711,"['hotel_tourism', 'islamabad_اسلام']"
265,tourism:hotel,3,hotel_islamabad|tag:tourism=hotel|راولپنڈی,0.0060806366592184,16.24561403508772,1.0,0.0265402134592978,92.07025171624711,"['hotel_islamabad', 'راولپنڈی']"
213,leisure:park,3,gali_اسلام|islamabad_gali|tag:leisure=park,0.006073639378828,15.965517241379311,1.0,0.0263685136674853,90.37871064467768,"['gali_اسلام', 'islamabad_gali']"
38,amenity:cafe,3,cafe_amenity|islamabad_اسلام|tag:amenity=cafe,0.0060596448180473,15.433333333333332,1.0,0.0260343038989956,87.16478260869565,"['cafe_amenity', 'islamabad_اسلام']"
201,highway:bus_stop,3,bus_stop|stop_bus|tag:highway=bus_stop,0.0059896720141438,13.228571428571428,1.0,0.0245221002635055,73.84993788819875,"['bus_stop', 'stop_bus']"
200,highway:bus_stop,3,bus_stop|metro_station|tag:highway=bus_stop,0.0059896720141438,13.228571428571428,1.0,0.0245221002635055,73.84993788819875,"['bus_stop', 'metro_station']"
125,amenity:restaurant,3,amenity_restaurant|islamabad_shabir|tag:amenity=restaurant,0.0059616828925824,12.513513513513514,1.0,0.0239796978170999,69.5316098707403,"['amenity_restaurant', 'islamabad_shabir']"
172,amenity:school,3,no|tag:amenity=school|آباد,0.0057797536024331,9.26,1.0,0.0210615649140161,49.88321739130435,"['no', 'آباد']"
168,amenity:school,3,girls|tag:amenity=school|آباد,0.0057797536024331,9.26,1.0,0.0210615649140161,49.88321739130435,"['girls', 'آباد']"
171,amenity:school,3,model_school|school_amenity|tag:amenity=school,0.0057797536024331,9.26,1.0,0.0210615649140161,49.88321739130435,"['model_school', 'school_amenity']"
169,amenity:school,3,islamabad_model|islamabad_اسلام|tag:amenity=school,0.0057797536024331,9.26,1.0,0.0210615649140161,49.88321739130435,"['islamabad_model', 'islamabad_اسلام']"
167,amenity:school,3,federal_government|school_no|tag:amenity=school,0.0057797536024331,9.26,1.0,0.0210615649140161,49.88321739130435,"['federal_government', 'school_no']"
166,amenity:school,3,amenity_school|no_amenity|tag:amenity=school,0.0057797536024331,9.26,1.0,0.0210615649140161,49.88321739130435,"['amenity_school', 'no_amenity']"
170,amenity:school,3,model_school|no|tag:amenity=school,0.0057797536024331,9.26,1.0,0.0210615649140161,49.88321739130435,"['model_school', 'no']"
165,amenity:school,3,amenity_school|junior|tag:amenity=school,0.0057797536024331,9.26,1.0,0.0210615649140161,49.88321739130435,"['amenity_school', 'junior']"
229,shop:bakery,3,bakery_islamabad|islamabad_اسلام|tag:shop=bakery,0.0051896496228465,25.72222222222222,1.0,0.0258435126554305,124.28218120400534,"['bakery_islamabad', 'islamabad_اسلام']"
241,shop:clothes,3,clothes_islamabad|college|tag:shop=clothes,0.0051721564218707,23.743589743589745,1.0,0.0251742518528538,114.33531000306245,"['clothes_islamabad', 'college']"
59,amenity:hospital,3,amenity_hospital|centre_amenity|tag:amenity=hospital,0.0051371700199189,20.577777777777776,1.0,0.0239870859714016,98.42031608155388,"['amenity_hospital', 'centre_amenity']"
60,amenity:hospital,3,amenity_hospital|institute|tag:amenity=hospital,0.0051371700199189,20.577777777777776,1.0,0.0239870859714016,98.42031608155388,"['amenity_hospital', 'institute']"
61,amenity:hospital,3,amenity_hospital|medical|tag:amenity=hospital,0.0051371700199189,20.577777777777776,1.0,0.0239870859714016,98.42031608155388,"['amenity_hospital', 'medical']"
62,amenity:hospital,3,international|tag:amenity=hospital|آباد,0.0051371700199189,20.577777777777776,1.0,0.0239870859714016,98.42031608155388,"['international', 'آباد']"
14,amenity:bank,3,tag:amenity=bank|آباد|اسٹینڈرڈ,0.0051313389529269,20.130434782608692,1.0,0.0238057120513797,96.17145824481898,"['آباد', 'اسٹینڈرڈ']"
13,amenity:bank,3,islamabad_اسلام|tag:amenity=bank|بینک,0.0051313389529269,20.130434782608692,1.0,0.0238057120513797,96.17145824481898,"['islamabad_اسلام', 'بینک']"
11,amenity:bank,3,amenity_bank|tag:amenity=bank|بینک_لمیٹڈ,0.0051313389529269,20.130434782608692,1.0,0.0238057120513797,96.17145824481898,"['amenity_bank', 'بینک_لمیٹڈ']"
12,amenity:bank,3,amenity_bank|tag:amenity=bank|عسکری,0.0051313389529269,20.130434782608692,1.0,0.0238057120513797,96.17145824481898,"['amenity_bank', 'عسکری']"
268,tourism:hotel,3,hotel_tourism|tag:tourism=hotel|راولپنڈی,0.0050671972160153,16.24561403508772,1.0,0.0220479931801353,76.64190334685792,"['hotel_tourism', 'راولپنڈی']"
214,leisure:park,3,islamabad_اسلام|park_leisure|tag:leisure=park,0.0050613661490234,15.965517241379311,1.0,0.0219062565046538,75.2338163165974,"['islamabad_اسلام', 'park_leisure']"
202,highway:bus_stop,3,bus_stop|faizabad|tag:highway=bus_stop,0.0049913933451198,13.228571428571428,1.0,0.020380565669072,61.474794478051805,"['bus_stop', 'faizabad']"
126,amenity:restaurant,3,amenity_restaurant|markaz|tag:amenity=restaurant,0.004968069077152,12.513513513513514,1.0,0.0199319067062745,57.88009507879215,"['amenity_restaurant', 'markaz']"
184,amenity:school,3,no_amenity|school_no|tag:amenity=school,0.0048164613353609,9.26,1.0,0.0175150874328579,41.5242128121607,"['no_amenity', 'school_no']"
180,amenity:school,3,girls|islamabad_model|tag:amenity=school,0.0048164613353609,9.26,1.0,0.0175150874328579,41.5242128121607,"['girls', 'islamabad_model']"
174,amenity:school,3,amenity_school|government_junior|tag:amenity=school,0.0048164613353609,9.26,1.0,0.0175150874328579,41.5242128121607,"['amenity_school', 'government_junior']"
173,amenity:school,3,amenity_school|government_girls|tag:amenity=school,0.0048164613353609,9.26,1.0,0.0175150874328579,41.5242128121607,"['amenity_school', 'government_girls']"
177,amenity:school,3,amenity_school|junior_model|tag:amenity=school,0.0048164613353609,9.26,1.0,0.0175150874328579,41.5242128121607,"['amenity_school', 'junior_model']"
178,amenity:school,3,amenity_school|model_college|tag:amenity=school,0.0048164613353609,9.26,1.0,0.0175150874328579,41.5242128121607,"['amenity_school', 'model_college']"
179,amenity:school,3,boys|model|tag:amenity=school,0.0048164613353609,9.26,1.0,0.0175150874328579,41.5242128121607,"['boys', 'model']"
175,amenity:school,3,amenity_school|international|tag:amenity=school,0.0048164613353609,9.26,1.0,0.0175150874328579,41.5242128121607,"['amenity_school', 'international']"
176,amenity:school,3,amenity_school|islamabad_amenity|tag:amenity=school,0.0048164613353609,9.26,1.0,0.0175150874328579,41.5242128121607,"['amenity_school', 'islamabad_amenity']"
181,amenity:school,3,girls|islamabad_اسلام|tag:amenity=school,0.0048164613353609,9.26,1.0,0.0175150874328579,41.5242128121607,"['girls', 'islamabad_اسلام']"
185,amenity:school,3,school_no|tag:amenity=school|آباد,0.0048164613353609,9.26,1.0,0.0175150874328579,41.5242128121607,"['school_no', 'آباد']"
182,amenity:school,3,islamabad_اسلام|no|tag:amenity=school,0.0048164613353609,9.26,1.0,0.0175150874328579,41.5242128121607,"['islamabad_اسلام', 'no']"
183,amenity:school,3,model_school|school_no|tag:amenity=school,0.0048164613353609,9.26,1.0,0.0175150874328579,41.5242128121607,"['model_school', 'school_no']"
114,amenity:mosque,3,amenity|tag:building=yes|آباد,0.0042590113309293,2.918067226890756,0.4285714285714285,0.0051225818934444,9.00292538401103,"['amenity', 'آباد']"
189,building:residential,3,building_residential|tag:building=residential|آباد,0.0042076979414001,38.583333333333336,1.0,0.023301548275992,150.98553868402024,"['building_residential', 'آباد']"
233,shop:bakery,3,bakery_islamabad|sweets|tag:shop=bakery,0.0041517196982772,25.72222222222222,1.0,0.0205836628198771,99.3179079296216,"['bakery_islamabad', 'sweets']"
232,shop:bakery,3,bakery_islamabad|rahat|tag:shop=bakery,0.0041517196982772,25.72222222222222,1.0,0.0205836628198771,99.3179079296216,"['bakery_islamabad', 'rahat']"
231,shop:bakery,3,bakery_islamabad|bakery_shop|tag:shop=bakery,0.0041517196982772,25.72222222222222,1.0,0.0205836628198771,99.3179079296216,"['bakery_islamabad', 'bakery_shop']"
234,shop:bakery,3,tag:shop=bakery|tehzeeb_bakers|آباد,0.0041517196982772,25.72222222222222,1.0,0.0205836628198771,99.3179079296216,"['tehzeeb_bakers', 'آباد']"
230,shop:bakery,3,bakers_shop|tag:shop=bakery|tehzeeb,0.0041517196982772,25.72222222222222,1.0,0.0205836628198771,99.3179079296216,"['bakers_shop', 'tehzeeb']"
243,shop:clothes,3,clothes_islamabad|college_اسلام|tag:shop=clothes,0.0041377251374965,23.743589743589745,1.0,0.0200561456593686,91.36904165971411,"['clothes_islamabad', 'college_اسلام']"
242,shop:clothes,3,bhitai_اسلام|clothes_islamabad|tag:shop=clothes,0.0041377251374965,23.743589743589745,1.0,0.0200561456593686,91.36904165971411,"['bhitai_اسلام', 'clothes_islamabad']"
251,shop:supermarket,3,carry|cash_carry|tag:shop=supermarket,0.0041237305767158,22.047619047619047,1.0,0.0195698548350731,84.55572771407908,"['carry', 'cash_carry']"
253,shop:supermarket,3,islamabad|tag:shop=supermarket|utility,0.0041237305767158,22.047619047619047,1.0,0.0195698548350731,84.55572771407908,"['islamabad', 'utility']"
254,shop:supermarket,3,store_shop|tag:shop=supermarket|آباد,0.0041237305767158,22.047619047619047,1.0,0.0195698548350731,84.55572771407908,"['store_shop', 'آباد']"
64,amenity:hospital,3,amenity_hospital|international_hospital|tag:amenity=hospital,0.0041097360159351,20.577777777777776,1.0,0.0191188063473382,78.65085562786213,"['amenity_hospital', 'international_hospital']"
66,amenity:hospital,3,amenity_hospital|medical_centre|tag:amenity=hospital,0.0041097360159351,20.577777777777776,1.0,0.0191188063473382,78.65085562786213,"['amenity_hospital', 'medical_centre']"
67,amenity:hospital,3,centre|tag:amenity=hospital|آباد,0.0041097360159351,20.577777777777776,1.0,0.0191188063473382,78.65085562786213,"['centre', 'آباد']"
68,amenity:hospital,3,hospital_amenity|international|tag:amenity=hospital,0.0041097360159351,20.577777777777776,1.0,0.0191188063473382,78.65085562786213,"['hospital_amenity', 'international']"
63,amenity:hospital,3,amenity_hospital|health|tag:amenity=hospital,0.0041097360159351,20.577777777777776,1.0,0.0191188063473382,78.65085562786213,"['amenity_hospital', 'health']"
65,amenity:hospital,3,amenity_hospital|islamabad_service|tag:amenity=hospital,0.0041097360159351,20.577777777777776,1.0,0.0191188063473382,78.65085562786213,"['amenity_hospital', 'islamabad_service']"
19,amenity:bank,3,tag:amenity=bank|آباد|بینک_لمیٹڈ,0.0041050711623415,20.130434782608692,1.0,0.0189754358544433,76.85372064510044,"['آباد', 'بینک_لمیٹڈ']"
18,amenity:bank,3,bank_amenity|tag:amenity=bank|آباد,0.0041050711623415,20.130434782608692,1.0,0.0189754358544433,76.85372064510044,"['bank_amenity', 'آباد']"
17,amenity:bank,3,amenity_bank|tag:amenity=bank|پاکستان,0.0041050711623415,20.130434782608692,1.0,0.0189754358544433,76.85372064510044,"['amenity_bank', 'پاکستان']"
15,amenity:bank,3,amenity_bank|islamabad_kurram|tag:amenity=bank,0.0041050711623415,20.130434782608692,1.0,0.0189754358544433,76.85372064510044,"['amenity_bank', 'islamabad_kurram']"
16,amenity:bank,3,amenity_bank|tag:amenity=bank|الائیڈ,0.0041050711623415,20.130434782608692,1.0,0.0189754358544433,76.85372064510044,"['amenity_bank', 'الائیڈ']"
269,tourism:hotel,3,f-6_اسلام|hotel_islamabad|tag:tourism=hotel,0.0040537577728123,16.24561403508772,1.0,0.0175840443926444,61.24702211059101,"['f-6_اسلام', 'hotel_islamabad']"
272,tourism:hotel,3,hotel_islamabad|islamabad_murree|tag:tourism=hotel,0.0040537577728123,16.24561403508772,1.0,0.0175840443926444,61.24702211059101,"['hotel_islamabad', 'islamabad_murree']"
271,tourism:hotel,3,hotel_islamabad|inn_tourism|tag:tourism=hotel,0.0040537577728123,16.24561403508772,1.0,0.0175840443926444,61.24702211059101,"['hotel_islamabad', 'inn_tourism']"
40,amenity:cafe,3,amenity_cafe|café|tag:amenity=cafe,0.0040397632120315,15.433333333333332,1.0,0.0172529284253173,57.98380332610267,"['amenity_cafe', 'café']"
203,highway:bus_stop,3,bus_station|bus_stop|tag:highway=bus_stop,0.0039931146760958,13.228571428571428,1.0,0.0162613094110577,49.12649519677719,"['bus_station', 'bus_stop']"
127,amenity:restaurant,3,amenity_restaurant|cafe|tag:amenity=restaurant,0.0039744552617216,12.513513513513514,1.0,0.0159050042686121,46.25385472240136,"['amenity_restaurant', 'cafe']"
132,amenity:restaurant,3,markaz|tag:amenity=restaurant|آباد,0.0039744552617216,12.513513513513514,1.0,0.0159050042686121,46.25385472240136,"['markaz', 'آباد']"
131,amenity:restaurant,3,islamabad_sachal|restaurant_amenity|tag:amenity=restaurant,0.0039744552617216,12.513513513513514,1.0,0.0159050042686121,46.25385472240136,"['islamabad_sachal', 'restaurant_amenity']"
130,amenity:restaurant,3,amenity_restaurant|tag:amenity=restaurant|پیزا,0.0039744552617216,12.513513513513514,1.0,0.0159050042686121,46.25385472240136,"['amenity_restaurant', 'پیزا']"
129,amenity:restaurant,3,amenity_restaurant|naan|tag:amenity=restaurant,0.0039744552617216,12.513513513513514,1.0,0.0159050042686121,46.25385472240136,"['amenity_restaurant', 'naan']"
128,amenity:restaurant,3,amenity_restaurant|islamabad_service|tag:amenity=restaurant,0.0039744552617216,12.513513513513514,1.0,0.0159050042686121,46.25385472240136,"['amenity_restaurant', 'islamabad_service']"
206,historic:monument,3,historic_monument|monument_historic|tag:historic=monument,0.0032047544187825,92.6,1.0,0.0219415499540591,275.6931744312026,"['historic_monument', 'monument_historic']"
85,amenity:marketplace,3,islamabad_jinnah|jinnah_اسلام|tag:amenity=marketplace,0.0031522748158549,37.04,1.0,0.0171671302565675,108.4714192849404,"['islamabad_jinnah', 'jinnah_اسلام']"
236,shop:bakery,3,bakery_islamabad|markaz|tag:shop=bakery,0.0031137897737079,25.72222222222222,1.0,0.0153708181844869,74.40772842181293,"['bakery_islamabad', 'markaz']"
237,shop:bakery,3,bakery_islamabad|sweets_shop|tag:shop=bakery,0.0031137897737079,25.72222222222222,1.0,0.0153708181844869,74.40772842181293,"['bakery_islamabad', 'sweets_shop']"
235,shop:bakery,3,bakers_shop|rahat_bakers|tag:shop=bakery,0.0031137897737079,25.72222222222222,1.0,0.0153708181844869,74.40772842181293,"['bakers_shop', 'rahat_bakers']"
245,shop:clothes,3,cloth|clothes_islamabad|tag:shop=clothes,0.0031032938531224,23.743589743589745,1.0,0.0149808696201131,68.45253771147597,"['cloth', 'clothes_islamabad']"
244,shop:clothes,3,clothes_islamabad|outlet|tag:shop=clothes,0.0031032938531224,23.743589743589745,1.0,0.0149808696201131,68.45253771147597,"['clothes_islamabad', 'outlet']"
255,shop:supermarket,3,carry_shop|cash_carry|tag:shop=supermarket,0.0030927979325368,22.047619047619047,1.0,0.0146209789749991,63.348088531187145,"['carry_shop', 'cash_carry']"
256,shop:supermarket,3,islamabad_اسلام|shop_supermarket|tag:shop=supermarket,0.0030927979325368,22.047619047619047,1.0,0.0146209789749991,63.348088531187145,"['islamabad_اسلام', 'shop_supermarket']"
76,amenity:hospital,3,institute|tag:amenity=hospital|آباد,0.0030823020119513,20.577777777777776,1.0,0.014286840360477,58.9242325749368,"['institute', 'آباد']"
75,amenity:hospital,3,hospital_amenity|islamabad_service|tag:amenity=hospital,0.0030823020119513,20.577777777777776,1.0,0.014286840360477,58.9242325749368,"['hospital_amenity', 'islamabad_service']"
74,amenity:hospital,3,hospital_amenity|international_hospital|tag:amenity=hospital,0.0030823020119513,20.577777777777776,1.0,0.014286840360477,58.9242325749368,"['hospital_amenity', 'international_hospital']"
77,amenity:hospital,3,international|islamabad_service|tag:amenity=hospital,0.0030823020119513,20.577777777777776,1.0,0.014286840360477,58.9242325749368,"['international', 'islamabad_service']"
72,amenity:hospital,3,amenity_hospital|tag:amenity=hospital|ہسپتال,0.0030823020119513,20.577777777777776,1.0,0.014286840360477,58.9242325749368,"['amenity_hospital', 'ہسپتال']"
78,amenity:hospital,3,medical|tag:amenity=hospital|آباد,0.0030823020119513,20.577777777777776,1.0,0.014286840360477,58.9242325749368,"['medical', 'آباد']"
71,amenity:hospital,3,amenity_hospital|national_institute|tag:amenity=hospital,0.0030823020119513,20.577777777777776,1.0,0.014286840360477,58.9242325749368,"['amenity_hospital', 'national_institute']"
70,amenity:hospital,3,amenity_hospital|eye_hospital|tag:amenity=hospital,0.0030823020119513,20.577777777777776,1.0,0.014286840360477,58.9242325749368,"['amenity_hospital', 'eye_hospital']"
69,amenity:hospital,3,amenity_hospital|clinic|tag:amenity=hospital,0.0030823020119513,20.577777777777776,1.0,0.014286840360477,58.9242325749368,"['amenity_hospital', 'clinic']"
73,amenity:hospital,3,centre_amenity|tag:amenity=hospital|آباد,0.0030823020119513,20.577777777777776,1.0,0.014286840360477,58.9242325749368,"['centre_amenity', 'آباد']"
23,amenity:bank,3,amenity_bank|markaz|tag:amenity=bank,0.0030788033717561,20.130434782608692,1.0,0.0141805682780742,57.57784163173018,"['amenity_bank', 'markaz']"
27,amenity:bank,3,islamabad_اسلام|tag:amenity=bank|بینک_amenity,0.0030788033717561,20.130434782608692,1.0,0.0141805682780742,57.57784163173018,"['islamabad_اسلام', 'بینک_amenity']"
22,amenity:bank,3,amenity_bank|islamabad_school|tag:amenity=bank,0.0030788033717561,20.130434782608692,1.0,0.0141805682780742,57.57784163173018,"['amenity_bank', 'islamabad_school']"
30,amenity:bank,3,tag:amenity=bank|الائیڈ_بینک|بینک_لمیٹڈ,0.0030788033717561,20.130434782608692,1.0,0.0141805682780742,57.57784163173018,"['الائیڈ_بینک', 'بینک_لمیٹڈ']"
29,amenity:bank,3,tag:amenity=bank|آباد|پاکستان,0.0030788033717561,20.130434782608692,1.0,0.0141805682780742,57.57784163173018,"['آباد', 'پاکستان']"
28,amenity:bank,3,tag:amenity=bank|آباد|الائیڈ,0.0030788033717561,20.130434782608692,1.0,0.0141805682780742,57.57784163173018,"['آباد', 'الائیڈ']"
20,amenity:bank,3,amenity_bank|bank_pakistan|tag:amenity=bank,0.0030788033717561,20.130434782608692,1.0,0.0141805682780742,57.57784163173018,"['amenity_bank', 'bank_pakistan']"
26,amenity:bank,3,islamabad_jinnah|tag:amenity=bank|بینک,0.0030788033717561,20.130434782608692,1.0,0.0141805682780742,57.57784163173018,"['islamabad_jinnah', 'بینک']"
21,amenity:bank,3,amenity_bank|commercial_bank|tag:amenity=bank,0.0030788033717561,20.130434782608692,1.0,0.0141805682780742,57.57784163173018,"['amenity_bank', 'commercial_bank']"
24,amenity:bank,3,amenity_bank|tag:amenity=bank|بی,0.0030788033717561,20.130434782608692,1.0,0.0141805682780742,57.57784163173018,"['amenity_bank', 'بی']"
273,tourism:hotel,3,al|hotel_islamabad|tag:tourism=hotel,0.0030403183296092,16.24561403508772,1.0,0.0131478035219937,45.885499230199,"['al', 'hotel_islamabad']"
274,tourism:hotel,3,bismillah|hotel_islamabad|tag:tourism=hotel,0.0030403183296092,16.24561403508772,1.0,0.0131478035219937,45.885499230199,"['bismillah', 'hotel_islamabad']"
275,tourism:hotel,3,city|hotel_islamabad|tag:tourism=hotel,0.0030403183296092,16.24561403508772,1.0,0.0131478035219937,45.885499230199,"['city', 'hotel_islamabad']"
282,tourism:hotel,3,hotel_islamabad|serena_hotel|tag:tourism=hotel,0.0030403183296092,16.24561403508772,1.0,0.0131478035219937,45.885499230199,"['hotel_islamabad', 'serena_hotel']"
277,tourism:hotel,3,hotel_islamabad|hotel_one|tag:tourism=hotel,0.0030403183296092,16.24561403508772,1.0,0.0131478035219937,45.885499230199,"['hotel_islamabad', 'hotel_one']"
284,tourism:hotel,3,hotel_tourism|islamabad_murree|tag:tourism=hotel,0.0030403183296092,16.24561403508772,1.0,0.0131478035219937,45.885499230199,"['hotel_tourism', 'islamabad_murree']"
280,tourism:hotel,3,hotel_islamabad|khan|tag:tourism=hotel,0.0030403183296092,16.24561403508772,1.0,0.0131478035219937,45.885499230199,"['hotel_islamabad', 'khan']"
281,tourism:hotel,3,hotel_islamabad|murree_راولپنڈی|tag:tourism=hotel,0.0030403183296092,16.24561403508772,1.0,0.0131478035219937,45.885499230199,"['hotel_islamabad', 'murree_راولپنڈی']"
276,tourism:hotel,3,g-11_اسلام|hotel_islamabad|tag:tourism=hotel,0.0030403183296092,16.24561403508772,1.0,0.0131478035219937,45.885499230199,"['g-11_اسلام', 'hotel_islamabad']"
279,tourism:hotel,3,hotel_islamabad|islamabad_mangla|tag:tourism=hotel,0.0030403183296092,16.24561403508772,1.0,0.0131478035219937,45.885499230199,"['hotel_islamabad', 'islamabad_mangla']"
278,tourism:hotel,3,hotel_islamabad|house_tourism|tag:tourism=hotel,0.0030403183296092,16.24561403508772,1.0,0.0131478035219937,45.885499230199,"['hotel_islamabad', 'house_tourism']"
285,tourism:hotel,3,hotel_tourism|islamabad_service|tag:tourism=hotel,0.0030403183296092,16.24561403508772,1.0,0.0131478035219937,45.885499230199,"['hotel_tourism', 'islamabad_service']"
45,amenity:cafe,3,amenity_cafe|spot|tag:amenity=cafe,0.0030298224090236,15.433333333333332,1.0,0.0129016920332706,43.44073672806067,"['amenity_cafe', 'spot']"
43,amenity:cafe,3,amenity_cafe|f-6_service|tag:amenity=cafe,0.0030298224090236,15.433333333333332,1.0,0.0129016920332706,43.44073672806067,"['amenity_cafe', 'f-6_service']"
42,amenity:cafe,3,amenity_cafe|café_amenity|tag:amenity=cafe,0.0030298224090236,15.433333333333332,1.0,0.0129016920332706,43.44073672806067,"['amenity_cafe', 'café_amenity']"
46,amenity:cafe,3,amenity_cafe|stall|tag:amenity=cafe,0.0030298224090236,15.433333333333332,1.0,0.0129016920332706,43.44073672806067,"['amenity_cafe', 'stall']"
44,amenity:cafe,3,amenity_cafe|numl|tag:amenity=cafe,0.0030298224090236,15.433333333333332,1.0,0.0129016920332706,43.44073672806067,"['amenity_cafe', 'numl']"
48,amenity:cafe,3,café|tag:amenity=cafe|آباد,0.0030298224090236,15.433333333333332,1.0,0.0129016920332706,43.44073672806067,"['café', 'آباد']"
50,amenity:cafe,3,amenity|restaurant|tag:building=yes,0.0001002943522617,1.1023809523809522,0.0714285714285714,7.802424144105828e-06,0.0103232364012417,"['amenity', 'restaurant']"
86,amenity:marketplace,2,islamabad|tag:building=yes,-5.597824312283965e-05,0.9747368421052632,0.0263157894736842,1.1507927572203166e-06,0.001466209887191,['islamabad']
80,amenity:hospital,3,amenity|islamabad|tag:building=yes,-0.0023312605833865,0.3165811965811966,0.0153846153846153,0.0017191155127339,1.6677526700859393,"['amenity', 'islamabad']"
